timestamp;buyer;seller;symbol;currency;price;quantity
0;SUBMISSION;;ASH_COATED_OSMIUM;XIRECS;9979.0;13
0;SUBMISSION;;ASH_COATED_OSMIUM;XIRECS;9964.0;6
0;SUBMISSION;;INTARIAN_PEPPER_ROOT;XIRECS;14007.0;9
100;SUBMISSION;;ASH_COATED_OSMIUM;XIRECS;9979.0;15
100;SUBMISSION;;INTARIAN_PEPPER_ROOT;XIRECS;14008.0;8
200;SUBMISSION;;ASH_COATED_OSMIUM;XIRECS;9978.0;15
200;SUBMISSION;;INTARIAN_PEPPER_ROOT;XIRECS;14008.0;9
300;SUBMISSION;;ASH_COATED_OSMIUM;XIRECS;9978.0;12
300;SUBMISSION;;INTARIAN_PEPPER_ROOT;XIRECS;14008.0;8
400;SUBMISSION;;ASH_COATED_OSMIUM;XIRECS;9978.0;12
400;;SUBMISSION;ASH_COATED_OSMIUM;XIRECS;9972.0;8
400;SUBMISSION;;INTARIAN_PEPPER_ROOT;XIRECS;14008.0;10
500;SUBMISSION;;ASH_COATED_OSMIUM;XIRECS;9978.0;11
500;SUBMISSION;;INTARIAN_PEPPER_ROOT;XIRECS;14008.0;9
600;SUBMISSION;;ASH_COATED_OSMIUM;XIRECS;9978.0;4
600;SUBMISSION;;INTARIAN_PEPPER_ROOT;XIRECS;14008.0;11
2700;SUBMISSION;;INTARIAN_PEPPER_ROOT;XIRECS;13998.0;8
2900;;SUBMISSION;INTARIAN_PEPPER_ROOT;XIRECS;14007.0;8
3600;;SUBMISSION;ASH_COATED_OSMIUM;XIRECS;9977.0;3
3700;SUBMISSION;;ASH_COATED_OSMIUM;XIRECS;9978.0;3
4200;;SUBMISSION;ASH_COATED_OSMIUM;XIRECS;9977.0;2
4300;SUBMISSION;;ASH_COATED_OSMIUM;XIRECS;9977.0;2
4400;;SUBMISSION;INTARIAN_PEPPER_ROOT;XIRECS;14011.0;5
4500;SUBMISSION;;INTARIAN_PEPPER_ROOT;XIRECS;14012.0;11
4800;;;INTARIAN_PEPPER_ROOT;XIRECS;14009.0;3
5000;SUBMISSION;;INTARIAN_PEPPER_ROOT;XIRECS;13998.0;5
5700;SUBMISSION;;INTARIAN_PEPPER_ROOT;XIRECS;14001.0;5
9100;;;ASH_COATED_OSMIUM;XIRECS;9968.0;4
9600;;;ASH_COATED_OSMIUM;XIRECS;9962.0;6
10000;;;ASH_COATED_OSMIUM;XIRECS;9963.0;8
10700;;SUBMISSION;ASH_COATED_OSMIUM;XIRECS;9972.0;5
10700;;SUBMISSION;INTARIAN_PEPPER_ROOT;XIRECS;14014.0;4
10800;SUBMISSION;;ASH_COATED_OSMIUM;XIRECS;9979.0;5
12100;;;ASH_COATED_OSMIUM;XIRECS;9963.0;5
12600;SUBMISSION;;INTARIAN_PEPPER_ROOT;XIRECS;14008.0;3
13900;;SUBMISSION;INTARIAN_PEPPER_ROOT;XIRECS;14018.0;4
14000;;SUBMISSION;ASH_COATED_OSMIUM;XIRECS;9978.0;3
14100;SUBMISSION;;ASH_COATED_OSMIUM;XIRECS;9979.0;3
15100;;SUBMISSION;ASH_COATED_OSMIUM;XIRECS;9979.0;2
15100;;SUBMISSION;ASH_COATED_OSMIUM;XIRECS;9979.0;8
15200;SUBMISSION;;ASH_COATED_OSMIUM;XIRECS;9980.0;10
15500;;SUBMISSION;ASH_COATED_OSMIUM;XIRECS;9974.0;10
15600;SUBMISSION;;ASH_COATED_OSMIUM;XIRECS;9980.0;10
16300;;SUBMISSION;INTARIAN_PEPPER_ROOT;XIRECS;14020.0;5
17400;;;INTARIAN_PEPPER_ROOT;XIRECS;14013.0;3
18500;;SUBMISSION;ASH_COATED_OSMIUM;XIRECS;9980.0;6
18600;SUBMISSION;;ASH_COATED_OSMIUM;XIRECS;9981.0;6
23000;SUBMISSION;;INTARIAN_PEPPER_ROOT;XIRECS;14016.0;4
23100;SUBMISSION;;INTARIAN_PEPPER_ROOT;XIRECS;14018.0;4
23900;;;ASH_COATED_OSMIUM;XIRECS;9965.0;4
24300;;;ASH_COATED_OSMIUM;XIRECS;9965.0;4
24600;;;ASH_COATED_OSMIUM;XIRECS;9965.0;3
25100;;SUBMISSION;ASH_COATED_OSMIUM;XIRECS;9974.0;8
25200;SUBMISSION;;ASH_COATED_OSMIUM;XIRECS;9981.0;8
25500;SUBMISSION;;INTARIAN_PEPPER_ROOT;XIRECS;14021.0;2
26500;;SUBMISSION;INTARIAN_PEPPER_ROOT;XIRECS;14030.0;6
28000;;SUBMISSION;ASH_COATED_OSMIUM;XIRECS;9975.0;4
28100;SUBMISSION;;ASH_COATED_OSMIUM;XIRECS;9982.0;4
30400;;SUBMISSION;ASH_COATED_OSMIUM;XIRECS;9981.0;2
30400;;SUBMISSION;INTARIAN_PEPPER_ROOT;XIRECS;14037.0;6
30500;SUBMISSION;;ASH_COATED_OSMIUM;XIRECS;9982.0;2
32500;;SUBMISSION;INTARIAN_PEPPER_ROOT;XIRECS;14036.0;4
32800;;;ASH_COATED_OSMIUM;XIRECS;9965.0;4
33300;;SUBMISSION;INTARIAN_PEPPER_ROOT;XIRECS;14037.0;7
33400;SUBMISSION;;INTARIAN_PEPPER_ROOT;XIRECS;14041.0;9
34000;;SUBMISSION;ASH_COATED_OSMIUM;XIRECS;9980.0;7
34100;SUBMISSION;;ASH_COATED_OSMIUM;XIRECS;9982.0;7
34400;;SUBMISSION;INTARIAN_PEPPER_ROOT;XIRECS;14041.0;3
34500;;;ASH_COATED_OSMIUM;XIRECS;9967.0;8
35700;;SUBMISSION;INTARIAN_PEPPER_ROOT;XIRECS;14039.0;3
35700;;SUBMISSION;INTARIAN_PEPPER_ROOT;XIRECS;14042.0;7
35800;SUBMISSION;;INTARIAN_PEPPER_ROOT;XIRECS;14031.0;7
36100;;SUBMISSION;INTARIAN_PEPPER_ROOT;XIRECS;14040.0;4
36200;SUBMISSION;;INTARIAN_PEPPER_ROOT;XIRECS;14044.0;10
36500;;SUBMISSION;ASH_COATED_OSMIUM;XIRECS;9980.0;3
36600;SUBMISSION;;ASH_COATED_OSMIUM;XIRECS;9981.0;3
37800;;SUBMISSION;ASH_COATED_OSMIUM;XIRECS;9977.0;8
37900;SUBMISSION;;ASH_COATED_OSMIUM;XIRECS;9984.0;8
37900;;;ASH_COATED_OSMIUM;XIRECS;9968.0;4
38400;;SUBMISSION;ASH_COATED_OSMIUM;XIRECS;9982.0;3
38400;SUBMISSION;;INTARIAN_PEPPER_ROOT;XIRECS;14034.0;8
38500;SUBMISSION;;ASH_COATED_OSMIUM;XIRECS;9983.0;3
38500;SUBMISSION;;INTARIAN_PEPPER_ROOT;XIRECS;14032.0;5
39100;;SUBMISSION;ASH_COATED_OSMIUM;XIRECS;9981.0;6
39200;SUBMISSION;;ASH_COATED_OSMIUM;XIRECS;9983.0;6
39900;;SUBMISSION;ASH_COATED_OSMIUM;XIRECS;9983.0;7
40000;SUBMISSION;;ASH_COATED_OSMIUM;XIRECS;9984.0;7
41500;;SUBMISSION;ASH_COATED_OSMIUM;XIRECS;9983.0;5
41600;SUBMISSION;;ASH_COATED_OSMIUM;XIRECS;9984.0;5
41700;;SUBMISSION;INTARIAN_PEPPER_ROOT;XIRECS;14045.0;5
41800;;SUBMISSION;ASH_COATED_OSMIUM;XIRECS;9977.0;5
41900;SUBMISSION;;ASH_COATED_OSMIUM;XIRECS;9984.0;5
42000;SUBMISSION;;INTARIAN_PEPPER_ROOT;XIRECS;14037.0;6
42800;;SUBMISSION;INTARIAN_PEPPER_ROOT;XIRECS;14049.0;5
43000;SUBMISSION;;INTARIAN_PEPPER_ROOT;XIRECS;14038.0;5
44700;;;INTARIAN_PEPPER_ROOT;XIRECS;14040.0;8
46500;;SUBMISSION;ASH_COATED_OSMIUM;XIRECS;9974.0;9
46600;SUBMISSION;;ASH_COATED_OSMIUM;XIRECS;9980.0;9
48100;;SUBMISSION;INTARIAN_PEPPER_ROOT;XIRECS;14052.0;7
49400;;SUBMISSION;ASH_COATED_OSMIUM;XIRECS;9974.0;9
49500;SUBMISSION;;ASH_COATED_OSMIUM;XIRECS;9980.0;9
50900;;;ASH_COATED_OSMIUM;XIRECS;9965.0;5
51400;SUBMISSION;;INTARIAN_PEPPER_ROOT;XIRECS;14045.0;4
52600;;SUBMISSION;INTARIAN_PEPPER_ROOT;XIRECS;14056.0;8
53200;;SUBMISSION;INTARIAN_PEPPER_ROOT;XIRECS;14057.0;5
53600;SUBMISSION;;INTARIAN_PEPPER_ROOT;XIRECS;14049.0;5
54600;;;ASH_COATED_OSMIUM;XIRECS;9967.0;6
57000;;SUBMISSION;INTARIAN_PEPPER_ROOT;XIRECS;14064.0;4
58400;;;ASH_COATED_OSMIUM;XIRECS;9969.0;3
59200;;SUBMISSION;INTARIAN_PEPPER_ROOT;XIRECS;14063.0;8
59300;SUBMISSION;;INTARIAN_PEPPER_ROOT;XIRECS;14067.0;8
59500;;SUBMISSION;ASH_COATED_OSMIUM;XIRECS;9986.0;2
59600;SUBMISSION;;ASH_COATED_OSMIUM;XIRECS;9986.0;2
61700;;SUBMISSION;INTARIAN_PEPPER_ROOT;XIRECS;14068.0;6
61800;SUBMISSION;;INTARIAN_PEPPER_ROOT;XIRECS;14069.0;10
62000;;SUBMISSION;ASH_COATED_OSMIUM;XIRECS;9986.0;6
62100;SUBMISSION;;ASH_COATED_OSMIUM;XIRECS;9988.0;6
63700;;;ASH_COATED_OSMIUM;XIRECS;9971.0;2
64300;SUBMISSION;;INTARIAN_PEPPER_ROOT;XIRECS;14060.0;3
64900;;SUBMISSION;ASH_COATED_OSMIUM;XIRECS;9987.0;4
65000;SUBMISSION;;ASH_COATED_OSMIUM;XIRECS;9988.0;4
65300;;;ASH_COATED_OSMIUM;XIRECS;9971.0;2
67600;;SUBMISSION;INTARIAN_PEPPER_ROOT;XIRECS;14071.0;4
68000;;SUBMISSION;ASH_COATED_OSMIUM;XIRECS;9987.0;3
68100;SUBMISSION;;ASH_COATED_OSMIUM;XIRECS;9988.0;3
70000;SUBMISSION;;INTARIAN_PEPPER_ROOT;XIRECS;14065.0;6
70400;;SUBMISSION;INTARIAN_PEPPER_ROOT;XIRECS;14074.0;5
71500;SUBMISSION;;INTARIAN_PEPPER_ROOT;XIRECS;14067.0;4
73100;SUBMISSION;;INTARIAN_PEPPER_ROOT;XIRECS;14068.0;7
73700;;;INTARIAN_PEPPER_ROOT;XIRECS;14066.0;4
76300;;;ASH_COATED_OSMIUM;XIRECS;9968.0;6
76500;;SUBMISSION;ASH_COATED_OSMIUM;XIRECS;9983.0;8
76600;SUBMISSION;;ASH_COATED_OSMIUM;XIRECS;9984.0;8
76700;;SUBMISSION;INTARIAN_PEPPER_ROOT;XIRECS;14080.0;4
77200;SUBMISSION;;INTARIAN_PEPPER_ROOT;XIRECS;14071.0;3
80200;SUBMISSION;;INTARIAN_PEPPER_ROOT;XIRECS;14074.0;1
80300;;SUBMISSION;ASH_COATED_OSMIUM;XIRECS;9981.0;4
80400;SUBMISSION;;ASH_COATED_OSMIUM;XIRECS;9977.0;4
82100;;SUBMISSION;INTARIAN_PEPPER_ROOT;XIRECS;14086.0;8
83000;;SUBMISSION;INTARIAN_PEPPER_ROOT;XIRECS;14087.0;6
83700;;SUBMISSION;ASH_COATED_OSMIUM;XIRECS;9985.0;2
83800;SUBMISSION;;ASH_COATED_OSMIUM;XIRECS;9986.0;2
84100;;SUBMISSION;INTARIAN_PEPPER_ROOT;XIRECS;14088.0;8
84200;SUBMISSION;;INTARIAN_PEPPER_ROOT;XIRECS;14092.0;11
84400;;SUBMISSION;INTARIAN_PEPPER_ROOT;XIRECS;14088.0;5
84600;;SUBMISSION;INTARIAN_PEPPER_ROOT;XIRECS;14091.0;6
84700;SUBMISSION;;INTARIAN_PEPPER_ROOT;XIRECS;14092.0;10
84800;;SUBMISSION;INTARIAN_PEPPER_ROOT;XIRECS;14089.0;5
85500;;SUBMISSION;INTARIAN_PEPPER_ROOT;XIRECS;14089.0;8
85500;;;ASH_COATED_OSMIUM;XIRECS;9970.0;7
85600;SUBMISSION;;INTARIAN_PEPPER_ROOT;XIRECS;14093.0;12
85700;;;ASH_COATED_OSMIUM;XIRECS;9975.0;3
85900;;;ASH_COATED_OSMIUM;XIRECS;9970.0;5
87400;SUBMISSION;;INTARIAN_PEPPER_ROOT;XIRECS;14081.0;3
87800;;SUBMISSION;ASH_COATED_OSMIUM;XIRECS;9981.0;5
87900;SUBMISSION;;ASH_COATED_OSMIUM;XIRECS;9987.0;5
87900;;;ASH_COATED_OSMIUM;XIRECS;9971.0;5
88300;;SUBMISSION;ASH_COATED_OSMIUM;XIRECS;9986.0;2
88400;SUBMISSION;;ASH_COATED_OSMIUM;XIRECS;9987.0;2
89700;;SUBMISSION;ASH_COATED_OSMIUM;XIRECS;9981.0;9
89800;SUBMISSION;;ASH_COATED_OSMIUM;XIRECS;9987.0;9
90200;;SUBMISSION;ASH_COATED_OSMIUM;XIRECS;9986.0;10
90300;SUBMISSION;;ASH_COATED_OSMIUM;XIRECS;9987.0;10
90700;;SUBMISSION;ASH_COATED_OSMIUM;XIRECS;9986.0;2
90800;SUBMISSION;;ASH_COATED_OSMIUM;XIRECS;9988.0;2
90800;;;ASH_COATED_OSMIUM;XIRECS;9972.0;6
91700;SUBMISSION;;INTARIAN_PEPPER_ROOT;XIRECS;14087.0;8
92500;;SUBMISSION;INTARIAN_PEPPER_ROOT;XIRECS;14099.0;7
92600;;SUBMISSION;INTARIAN_PEPPER_ROOT;XIRECS;14096.0;4
93000;;SUBMISSION;ASH_COATED_OSMIUM;XIRECS;9981.0;8
93100;SUBMISSION;;ASH_COATED_OSMIUM;XIRECS;9988.0;8
95100;SUBMISSION;;INTARIAN_PEPPER_ROOT;XIRECS;14090.0;8
95900;;SUBMISSION;ASH_COATED_OSMIUM;XIRECS;9988.0;3
96000;SUBMISSION;;ASH_COATED_OSMIUM;XIRECS;9989.0;3
96900;;SUBMISSION;ASH_COATED_OSMIUM;XIRECS;9986.0;6
96900;;SUBMISSION;ASH_COATED_OSMIUM;XIRECS;9986.0;8
97000;SUBMISSION;;ASH_COATED_OSMIUM;XIRECS;9986.0;10
97100;SUBMISSION;;ASH_COATED_OSMIUM;XIRECS;9986.0;4
97200;;SUBMISSION;INTARIAN_PEPPER_ROOT;XIRECS;14101.0;7
97200;;SUBMISSION;INTARIAN_PEPPER_ROOT;XIRECS;14104.0;7
97400;SUBMISSION;;INTARIAN_PEPPER_ROOT;XIRECS;14093.0;5
97900;;SUBMISSION;ASH_COATED_OSMIUM;XIRECS;9979.0;6
98000;SUBMISSION;;ASH_COATED_OSMIUM;XIRECS;9986.0;6
103500;SUBMISSION;;INTARIAN_PEPPER_ROOT;XIRECS;14099.0;8
103700;;SUBMISSION;ASH_COATED_OSMIUM;XIRECS;9980.0;9
103800;SUBMISSION;;ASH_COATED_OSMIUM;XIRECS;9987.0;9
105900;;SUBMISSION;ASH_COATED_OSMIUM;XIRECS;9986.0;5
106000;SUBMISSION;;ASH_COATED_OSMIUM;XIRECS;9987.0;5
106300;;SUBMISSION;INTARIAN_PEPPER_ROOT;XIRECS;14110.0;7
107000;;SUBMISSION;INTARIAN_PEPPER_ROOT;XIRECS;14114.0;7
107200;;;ASH_COATED_OSMIUM;XIRECS;9971.0;3
108800;;SUBMISSION;INTARIAN_PEPPER_ROOT;XIRECS;14113.0;3
108900;SUBMISSION;;INTARIAN_PEPPER_ROOT;XIRECS;14116.0;9
109400;;SUBMISSION;INTARIAN_PEPPER_ROOT;XIRECS;14113.0;6
109800;;SUBMISSION;INTARIAN_PEPPER_ROOT;XIRECS;14114.0;3
109800;;SUBMISSION;INTARIAN_PEPPER_ROOT;XIRECS;14116.0;4
109900;SUBMISSION;;INTARIAN_PEPPER_ROOT;XIRECS;14117.0;8
110500;;SUBMISSION;INTARIAN_PEPPER_ROOT;XIRECS;14114.0;8
110600;SUBMISSION;;INTARIAN_PEPPER_ROOT;XIRECS;14118.0;9
111300;;SUBMISSION;INTARIAN_PEPPER_ROOT;XIRECS;14115.0;7
111400;SUBMISSION;;INTARIAN_PEPPER_ROOT;XIRECS;14119.0;10
111600;;;ASH_COATED_OSMIUM;XIRECS;9970.0;5
114700;;;ASH_COATED_OSMIUM;XIRECS;9973.0;3
115100;;SUBMISSION;ASH_COATED_OSMIUM;XIRECS;9984.0;9
115200;SUBMISSION;;ASH_COATED_OSMIUM;XIRECS;9990.0;9
116100;;;ASH_COATED_OSMIUM;XIRECS;9973.0;8
117500;SUBMISSION;;INTARIAN_PEPPER_ROOT;XIRECS;14111.0;6
118100;;SUBMISSION;INTARIAN_PEPPER_ROOT;XIRECS;14122.0;3
119100;;SUBMISSION;ASH_COATED_OSMIUM;XIRECS;9984.0;10
119200;SUBMISSION;;ASH_COATED_OSMIUM;XIRECS;9990.0;10
120100;;SUBMISSION;INTARIAN_PEPPER_ROOT;XIRECS;14127.0;4
121500;;SUBMISSION;ASH_COATED_OSMIUM;XIRECS;9983.0;5
121600;SUBMISSION;;ASH_COATED_OSMIUM;XIRECS;9989.0;5
122000;;SUBMISSION;ASH_COATED_OSMIUM;XIRECS;9989.0;10
122100;SUBMISSION;;ASH_COATED_OSMIUM;XIRECS;9990.0;10
122300;;SUBMISSION;ASH_COATED_OSMIUM;XIRECS;9989.0;5
122400;SUBMISSION;;ASH_COATED_OSMIUM;XIRECS;9990.0;5
122400;;SUBMISSION;INTARIAN_PEPPER_ROOT;XIRECS;14129.0;7
122500;SUBMISSION;;INTARIAN_PEPPER_ROOT;XIRECS;14130.0;8
122900;SUBMISSION;;INTARIAN_PEPPER_ROOT;XIRECS;14118.0;8
124500;;;ASH_COATED_OSMIUM;XIRECS;9976.0;2
126400;;;ASH_COATED_OSMIUM;XIRECS;9978.0;6
126500;;;ASH_COATED_OSMIUM;XIRECS;9978.0;6
127800;;SUBMISSION;ASH_COATED_OSMIUM;XIRECS;9993.0;2
127800;SUBMISSION;;INTARIAN_PEPPER_ROOT;XIRECS;14121.0;3
129500;;SUBMISSION;INTARIAN_PEPPER_ROOT;XIRECS;14136.0;3
129600;SUBMISSION;;INTARIAN_PEPPER_ROOT;XIRECS;14125.0;6
129900;;SUBMISSION;ASH_COATED_OSMIUM;XIRECS;9989.0;9
130100;;SUBMISSION;INTARIAN_PEPPER_ROOT;XIRECS;14134.0;5
130300;;SUBMISSION;ASH_COATED_OSMIUM;XIRECS;9994.0;2
130300;SUBMISSION;;INTARIAN_PEPPER_ROOT;XIRECS;14126.0;6
131000;;SUBMISSION;ASH_COATED_OSMIUM;XIRECS;9994.0;9
131100;;SUBMISSION;INTARIAN_PEPPER_ROOT;XIRECS;14138.0;4
131400;;SUBMISSION;ASH_COATED_OSMIUM;XIRECS;9995.0;2
132300;SUBMISSION;;INTARIAN_PEPPER_ROOT;XIRECS;14126.0;3
132400;SUBMISSION;;ASH_COATED_OSMIUM;XIRECS;9985.0;5
133000;;SUBMISSION;INTARIAN_PEPPER_ROOT;XIRECS;14137.0;7
133900;SUBMISSION;;ASH_COATED_OSMIUM;XIRECS;9989.0;3
134400;;SUBMISSION;INTARIAN_PEPPER_ROOT;XIRECS;14141.0;4
135500;;SUBMISSION;INTARIAN_PEPPER_ROOT;XIRECS;14139.0;7
135600;SUBMISSION;;ASH_COATED_OSMIUM;XIRECS;9988.0;4
137700;;SUBMISSION;ASH_COATED_OSMIUM;XIRECS;9991.0;3
138000;SUBMISSION;;INTARIAN_PEPPER_ROOT;XIRECS;14131.0;4
138100;SUBMISSION;;ASH_COATED_OSMIUM;XIRECS;9991.0;10
138200;SUBMISSION;;ASH_COATED_OSMIUM;XIRECS;9991.0;5
138700;;SUBMISSION;INTARIAN_PEPPER_ROOT;XIRECS;14142.0;3
139400;;;ASH_COATED_OSMIUM;XIRECS;9976.0;6
139400;;;ASH_COATED_OSMIUM;XIRECS;9976.0;5
140500;;SUBMISSION;INTARIAN_PEPPER_ROOT;XIRECS;14144.0;6
140600;SUBMISSION;;INTARIAN_PEPPER_ROOT;XIRECS;14148.0;9
141900;SUBMISSION;;INTARIAN_PEPPER_ROOT;XIRECS;14135.0;4
142000;;;ASH_COATED_OSMIUM;XIRECS;9974.0;2
142200;;;ASH_COATED_OSMIUM;XIRECS;9974.0;6
142300;;SUBMISSION;INTARIAN_PEPPER_ROOT;XIRECS;14146.0;6
143100;;SUBMISSION;INTARIAN_PEPPER_ROOT;XIRECS;14147.0;7
143200;SUBMISSION;;INTARIAN_PEPPER_ROOT;XIRECS;14151.0;11
144300;;SUBMISSION;INTARIAN_PEPPER_ROOT;XIRECS;14148.0;6
146700;;SUBMISSION;ASH_COATED_OSMIUM;XIRECS;9989.0;6
146800;SUBMISSION;;ASH_COATED_OSMIUM;XIRECS;9990.0;6
147200;SUBMISSION;;INTARIAN_PEPPER_ROOT;XIRECS;14142.0;8
148200;SUBMISSION;;INTARIAN_PEPPER_ROOT;XIRECS;14142.0;7
149500;;SUBMISSION;ASH_COATED_OSMIUM;XIRECS;9991.0;9
149900;SUBMISSION;;ASH_COATED_OSMIUM;XIRECS;9991.0;9
153200;;;ASH_COATED_OSMIUM;XIRECS;9974.0;5
154300;;SUBMISSION;INTARIAN_PEPPER_ROOT;XIRECS;14158.0;6
154600;;;ASH_COATED_OSMIUM;XIRECS;9975.0;2
155100;;SUBMISSION;INTARIAN_PEPPER_ROOT;XIRECS;14159.0;8
155300;;SUBMISSION;ASH_COATED_OSMIUM;XIRECS;9990.0;10
155300;;SUBMISSION;INTARIAN_PEPPER_ROOT;XIRECS;14159.0;3
155400;SUBMISSION;;INTARIAN_PEPPER_ROOT;XIRECS;14163.0;11
155500;SUBMISSION;;ASH_COATED_OSMIUM;XIRECS;9990.0;10
155500;;SUBMISSION;ASH_COATED_OSMIUM;XIRECS;9989.0;6
155600;SUBMISSION;;ASH_COATED_OSMIUM;XIRECS;9991.0;6
155700;;SUBMISSION;ASH_COATED_OSMIUM;XIRECS;9991.0;7
155700;;SUBMISSION;INTARIAN_PEPPER_ROOT;XIRECS;14159.0;4
155800;SUBMISSION;;ASH_COATED_OSMIUM;XIRECS;9985.0;5
155800;SUBMISSION;;ASH_COATED_OSMIUM;XIRECS;9976.0;2
155800;SUBMISSION;;INTARIAN_PEPPER_ROOT;XIRECS;14151.0;7
158200;;;ASH_COATED_OSMIUM;XIRECS;9971.0;5
164100;;SUBMISSION;INTARIAN_PEPPER_ROOT;XIRECS;14168.0;5
164200;SUBMISSION;;INTARIAN_PEPPER_ROOT;XIRECS;14159.0;7
165300;;;ASH_COATED_OSMIUM;XIRECS;9970.0;5
165500;;SUBMISSION;ASH_COATED_OSMIUM;XIRECS;9979.0;4
165600;SUBMISSION;;ASH_COATED_OSMIUM;XIRECS;9986.0;4
169400;;SUBMISSION;ASH_COATED_OSMIUM;XIRECS;9982.0;8
169500;SUBMISSION;;ASH_COATED_OSMIUM;XIRECS;9988.0;8
169900;SUBMISSION;;INTARIAN_PEPPER_ROOT;XIRECS;14165.0;3
170300;;SUBMISSION;INTARIAN_PEPPER_ROOT;XIRECS;14177.0;7
170500;;SUBMISSION;INTARIAN_PEPPER_ROOT;XIRECS;14174.0;7
171500;SUBMISSION;;INTARIAN_PEPPER_ROOT;XIRECS;14167.0;7
172600;;SUBMISSION;INTARIAN_PEPPER_ROOT;XIRECS;14176.0;8
172700;;SUBMISSION;ASH_COATED_OSMIUM;XIRECS;9984.0;4
172800;SUBMISSION;;ASH_COATED_OSMIUM;XIRECS;9984.0;4
173100;;SUBMISSION;ASH_COATED_OSMIUM;XIRECS;9978.0;2
173100;;;ASH_COATED_OSMIUM;XIRECS;9978.0;2
173200;SUBMISSION;;ASH_COATED_OSMIUM;XIRECS;9985.0;2
174000;;SUBMISSION;INTARIAN_PEPPER_ROOT;XIRECS;14178.0;6
174100;SUBMISSION;;INTARIAN_PEPPER_ROOT;XIRECS;14182.0;9
175000;;SUBMISSION;INTARIAN_PEPPER_ROOT;XIRECS;14179.0;4
177700;;;ASH_COATED_OSMIUM;XIRECS;9971.0;10
177900;SUBMISSION;;INTARIAN_PEPPER_ROOT;XIRECS;14171.0;5
178200;SUBMISSION;;INTARIAN_PEPPER_ROOT;XIRECS;14173.0;3
179100;;SUBMISSION;INTARIAN_PEPPER_ROOT;XIRECS;14183.0;8
181600;;;ASH_COATED_OSMIUM;XIRECS;9972.0;2
182700;;;ASH_COATED_OSMIUM;XIRECS;9973.0;5
184700;;SUBMISSION;ASH_COATED_OSMIUM;XIRECS;9983.0;4
184700;;;ASH_COATED_OSMIUM;XIRECS;9983.0;5
184800;SUBMISSION;;ASH_COATED_OSMIUM;XIRECS;9990.0;4
184800;;;ASH_COATED_OSMIUM;XIRECS;9974.0;4
185500;;SUBMISSION;INTARIAN_PEPPER_ROOT;XIRECS;14189.0;5
185600;SUBMISSION;;INTARIAN_PEPPER_ROOT;XIRECS;14193.0;8
185900;;;ASH_COATED_OSMIUM;XIRECS;9972.0;10
186800;;;ASH_COATED_OSMIUM;XIRECS;9977.0;4
188200;SUBMISSION;;INTARIAN_PEPPER_ROOT;XIRECS;14183.0;3
189700;SUBMISSION;;INTARIAN_PEPPER_ROOT;XIRECS;14185.0;6
190400;;SUBMISSION;ASH_COATED_OSMIUM;XIRECS;9984.0;3
190500;SUBMISSION;;ASH_COATED_OSMIUM;XIRECS;9985.0;3
191800;SUBMISSION;;INTARIAN_PEPPER_ROOT;XIRECS;14185.0;4
192600;;;ASH_COATED_OSMIUM;XIRECS;9971.0;8
192900;;SUBMISSION;ASH_COATED_OSMIUM;XIRECS;9986.0;10
193000;SUBMISSION;;ASH_COATED_OSMIUM;XIRECS;9987.0;10
193300;;SUBMISSION;ASH_COATED_OSMIUM;XIRECS;9981.0;5
193400;SUBMISSION;;ASH_COATED_OSMIUM;XIRECS;9987.0;5
194900;SUBMISSION;;INTARIAN_PEPPER_ROOT;XIRECS;14190.0;2
194900;;;INTARIAN_PEPPER_ROOT;XIRECS;14190.0;4
195500;;SUBMISSION;INTARIAN_PEPPER_ROOT;XIRECS;14199.0;6
196700;SUBMISSION;;INTARIAN_PEPPER_ROOT;XIRECS;14192.0;6
197300;;;ASH_COATED_OSMIUM;XIRECS;9971.0;9
198600;;;INTARIAN_PEPPER_ROOT;XIRECS;14191.0;5
199400;;SUBMISSION;INTARIAN_PEPPER_ROOT;XIRECS;14206.0;5
200100;;;ASH_COATED_OSMIUM;XIRECS;9969.0;6
200300;;;ASH_COATED_OSMIUM;XIRECS;9969.0;10
200400;;SUBMISSION;ASH_COATED_OSMIUM;XIRECS;9984.0;2
200500;SUBMISSION;;ASH_COATED_OSMIUM;XIRECS;9986.0;2
200600;;SUBMISSION;ASH_COATED_OSMIUM;XIRECS;9985.0;2
200700;SUBMISSION;;ASH_COATED_OSMIUM;XIRECS;9986.0;2
200700;;SUBMISSION;ASH_COATED_OSMIUM;XIRECS;9985.0;8
200800;SUBMISSION;;ASH_COATED_OSMIUM;XIRECS;9985.0;8
201300;SUBMISSION;;INTARIAN_PEPPER_ROOT;XIRECS;14197.0;5
201700;;;ASH_COATED_OSMIUM;XIRECS;9971.0;4
203500;;SUBMISSION;INTARIAN_PEPPER_ROOT;XIRECS;14207.0;4
204000;;SUBMISSION;INTARIAN_PEPPER_ROOT;XIRECS;14211.0;7
204600;SUBMISSION;;INTARIAN_PEPPER_ROOT;XIRECS;14198.0;5
205600;;;ASH_COATED_OSMIUM;XIRECS;9973.0;2
206000;;SUBMISSION;INTARIAN_PEPPER_ROOT;XIRECS;14210.0;6
206600;;;ASH_COATED_OSMIUM;XIRECS;9973.0;7
206700;;SUBMISSION;ASH_COATED_OSMIUM;XIRECS;9983.0;5
206800;SUBMISSION;;ASH_COATED_OSMIUM;XIRECS;9990.0;5
207500;;SUBMISSION;INTARIAN_PEPPER_ROOT;XIRECS;14214.0;3
208900;;;ASH_COATED_OSMIUM;XIRECS;9973.0;10
209400;SUBMISSION;;INTARIAN_PEPPER_ROOT;XIRECS;14205.0;4
210000;;;ASH_COATED_OSMIUM;XIRECS;9973.0;4
211400;SUBMISSION;;INTARIAN_PEPPER_ROOT;XIRECS;14207.0;7
212100;;SUBMISSION;INTARIAN_PEPPER_ROOT;XIRECS;14216.0;4
212200;;SUBMISSION;INTARIAN_PEPPER_ROOT;XIRECS;14216.0;8
212700;;;ASH_COATED_OSMIUM;XIRECS;9971.0;6
212900;SUBMISSION;;INTARIAN_PEPPER_ROOT;XIRECS;14208.0;5
215000;;SUBMISSION;INTARIAN_PEPPER_ROOT;XIRECS;14222.0;7
216900;;SUBMISSION;ASH_COATED_OSMIUM;XIRECS;9981.0;7
217000;SUBMISSION;;ASH_COATED_OSMIUM;XIRECS;9987.0;7
217000;;SUBMISSION;INTARIAN_PEPPER_ROOT;XIRECS;14224.0;5
217100;SUBMISSION;;INTARIAN_PEPPER_ROOT;XIRECS;14225.0;10
217200;SUBMISSION;;INTARIAN_PEPPER_ROOT;XIRECS;14212.0;4
217500;;SUBMISSION;INTARIAN_PEPPER_ROOT;XIRECS;14224.0;6
217800;SUBMISSION;;INTARIAN_PEPPER_ROOT;XIRECS;14213.0;6
220600;SUBMISSION;;INTARIAN_PEPPER_ROOT;XIRECS;14216.0;4
220800;;SUBMISSION;INTARIAN_PEPPER_ROOT;XIRECS;14225.0;6
222900;;SUBMISSION;ASH_COATED_OSMIUM;XIRECS;9986.0;2
223000;SUBMISSION;;ASH_COATED_OSMIUM;XIRECS;9986.0;2
223900;;SUBMISSION;ASH_COATED_OSMIUM;XIRECS;9979.0;5
224000;SUBMISSION;;ASH_COATED_OSMIUM;XIRECS;9985.0;5
224300;;SUBMISSION;INTARIAN_PEPPER_ROOT;XIRECS;14231.0;3
224800;;SUBMISSION;ASH_COATED_OSMIUM;XIRECS;9985.0;5
224900;SUBMISSION;;ASH_COATED_OSMIUM;XIRECS;9987.0;5
224900;;SUBMISSION;ASH_COATED_OSMIUM;XIRECS;9986.0;7
225000;SUBMISSION;;ASH_COATED_OSMIUM;XIRECS;9987.0;7
225000;SUBMISSION;;INTARIAN_PEPPER_ROOT;XIRECS;14218.0;7
226200;;;ASH_COATED_OSMIUM;XIRECS;9971.0;6
227600;;;ASH_COATED_OSMIUM;XIRECS;9971.0;5
228000;;;ASH_COATED_OSMIUM;XIRECS;9972.0;5
228300;;SUBMISSION;ASH_COATED_OSMIUM;XIRECS;9981.0;7
228400;SUBMISSION;;ASH_COATED_OSMIUM;XIRECS;9988.0;7
229200;;;ASH_COATED_OSMIUM;XIRECS;9982.0;2
229400;SUBMISSION;;INTARIAN_PEPPER_ROOT;XIRECS;14225.0;7
229600;;SUBMISSION;ASH_COATED_OSMIUM;XIRECS;9988.0;5
229700;SUBMISSION;;ASH_COATED_OSMIUM;XIRECS;9989.0;5
232000;;SUBMISSION;INTARIAN_PEPPER_ROOT;XIRECS;14236.0;8
233700;;SUBMISSION;ASH_COATED_OSMIUM;XIRECS;9984.0;6
233800;SUBMISSION;;ASH_COATED_OSMIUM;XIRECS;9990.0;6
234600;;SUBMISSION;INTARIAN_PEPPER_ROOT;XIRECS;14241.0;4
235600;;;ASH_COATED_OSMIUM;XIRECS;9976.0;8
236100;;;ASH_COATED_OSMIUM;XIRECS;9977.0;4
236500;;;ASH_COATED_OSMIUM;XIRECS;9977.0;2
236600;;;ASH_COATED_OSMIUM;XIRECS;9977.0;4
237000;;SUBMISSION;ASH_COATED_OSMIUM;XIRECS;9992.0;5
237100;SUBMISSION;;ASH_COATED_OSMIUM;XIRECS;9978.0;3
237400;;SUBMISSION;INTARIAN_PEPPER_ROOT;XIRECS;14241.0;6
237500;;SUBMISSION;INTARIAN_PEPPER_ROOT;XIRECS;14244.0;4
237600;SUBMISSION;;INTARIAN_PEPPER_ROOT;XIRECS;14245.0;11
237700;;SUBMISSION;INTARIAN_PEPPER_ROOT;XIRECS;14241.0;8
238500;SUBMISSION;;ASH_COATED_OSMIUM;XIRECS;9991.0;2
239700;;SUBMISSION;INTARIAN_PEPPER_ROOT;XIRECS;14246.0;7
239800;SUBMISSION;;INTARIAN_PEPPER_ROOT;XIRECS;14247.0;9
241700;;;ASH_COATED_OSMIUM;XIRECS;9975.0;7
242000;;SUBMISSION;INTARIAN_PEPPER_ROOT;XIRECS;14249.0;7
242100;SUBMISSION;;INTARIAN_PEPPER_ROOT;XIRECS;14250.0;12
242100;;SUBMISSION;INTARIAN_PEPPER_ROOT;XIRECS;14246.0;8
242800;;SUBMISSION;ASH_COATED_OSMIUM;XIRECS;9990.0;5
242900;SUBMISSION;;ASH_COATED_OSMIUM;XIRECS;9991.0;5
243200;;SUBMISSION;ASH_COATED_OSMIUM;XIRECS;9990.0;6
243400;SUBMISSION;;ASH_COATED_OSMIUM;XIRECS;9991.0;6
243500;;SUBMISSION;INTARIAN_PEPPER_ROOT;XIRECS;14247.0;4
243600;SUBMISSION;;INTARIAN_PEPPER_ROOT;XIRECS;14251.0;12
243700;;SUBMISSION;ASH_COATED_OSMIUM;XIRECS;9990.0;6
244100;SUBMISSION;;ASH_COATED_OSMIUM;XIRECS;9991.0;6
244600;;SUBMISSION;ASH_COATED_OSMIUM;XIRECS;9986.0;7
244900;;SUBMISSION;INTARIAN_PEPPER_ROOT;XIRECS;14249.0;4
245300;SUBMISSION;;ASH_COATED_OSMIUM;XIRECS;9987.0;5
246100;SUBMISSION;;ASH_COATED_OSMIUM;XIRECS;9987.0;2
246200;;;ASH_COATED_OSMIUM;XIRECS;9977.0;9
247600;;;ASH_COATED_OSMIUM;XIRECS;9974.0;6
248700;SUBMISSION;;INTARIAN_PEPPER_ROOT;XIRECS;14242.0;4
251700;;;ASH_COATED_OSMIUM;XIRECS;9977.0;4
252300;;SUBMISSION;ASH_COATED_OSMIUM;XIRECS;9992.0;5
252400;;SUBMISSION;ASH_COATED_OSMIUM;XIRECS;9992.0;7
253100;SUBMISSION;;ASH_COATED_OSMIUM;XIRECS;9991.0;11
253500;SUBMISSION;;ASH_COATED_OSMIUM;XIRECS;9991.0;1
254700;;SUBMISSION;ASH_COATED_OSMIUM;XIRECS;9983.0;10
254800;SUBMISSION;;ASH_COATED_OSMIUM;XIRECS;9990.0;10
255600;;SUBMISSION;ASH_COATED_OSMIUM;XIRECS;9984.0;9
255700;SUBMISSION;;ASH_COATED_OSMIUM;XIRECS;9990.0;9
258300;;SUBMISSION;ASH_COATED_OSMIUM;XIRECS;9989.0;9
258400;SUBMISSION;;ASH_COATED_OSMIUM;XIRECS;9989.0;9
258400;;SUBMISSION;ASH_COATED_OSMIUM;XIRECS;9988.0;4
258500;SUBMISSION;;ASH_COATED_OSMIUM;XIRECS;9989.0;4
259400;;;ASH_COATED_OSMIUM;XIRECS;9974.0;8
259500;SUBMISSION;;INTARIAN_PEPPER_ROOT;XIRECS;14255.0;4
260100;;SUBMISSION;INTARIAN_PEPPER_ROOT;XIRECS;14267.0;5
260500;;SUBMISSION;ASH_COATED_OSMIUM;XIRECS;9988.0;7
260600;SUBMISSION;;ASH_COATED_OSMIUM;XIRECS;9988.0;7
260600;;SUBMISSION;ASH_COATED_OSMIUM;XIRECS;9987.0;2
260700;SUBMISSION;;ASH_COATED_OSMIUM;XIRECS;9988.0;2
261300;;;ASH_COATED_OSMIUM;XIRECS;9974.0;2
262000;;SUBMISSION;ASH_COATED_OSMIUM;XIRECS;9983.0;8
262100;SUBMISSION;;ASH_COATED_OSMIUM;XIRECS;9989.0;8
263900;SUBMISSION;;INTARIAN_PEPPER_ROOT;XIRECS;14259.0;4
264100;SUBMISSION;;INTARIAN_PEPPER_ROOT;XIRECS;14257.0;7
265000;;;ASH_COATED_OSMIUM;XIRECS;9972.0;8
265100;SUBMISSION;;INTARIAN_PEPPER_ROOT;XIRECS;14260.0;2
265100;;;INTARIAN_PEPPER_ROOT;XIRECS;14260.0;4
267000;;SUBMISSION;INTARIAN_PEPPER_ROOT;XIRECS;14271.0;6
267000;;;ASH_COATED_OSMIUM;XIRECS;9973.0;9
267400;SUBMISSION;;INTARIAN_PEPPER_ROOT;XIRECS;14263.0;4
267500;SUBMISSION;;INTARIAN_PEPPER_ROOT;XIRECS;14261.0;2
268800;;SUBMISSION;ASH_COATED_OSMIUM;XIRECS;9990.0;6
269100;SUBMISSION;;ASH_COATED_OSMIUM;XIRECS;9991.0;6
269300;;SUBMISSION;ASH_COATED_OSMIUM;XIRECS;9985.0;4
269400;SUBMISSION;;ASH_COATED_OSMIUM;XIRECS;9976.0;4
270400;;SUBMISSION;ASH_COATED_OSMIUM;XIRECS;9991.0;2
270700;;SUBMISSION;INTARIAN_PEPPER_ROOT;XIRECS;14277.0;6
271100;;;INTARIAN_PEPPER_ROOT;XIRECS;14266.0;3
271700;;SUBMISSION;ASH_COATED_OSMIUM;XIRECS;9986.0;10
271800;;SUBMISSION;ASH_COATED_OSMIUM;XIRECS;9991.0;5
272000;SUBMISSION;;ASH_COATED_OSMIUM;XIRECS;9991.0;15
272100;SUBMISSION;;ASH_COATED_OSMIUM;XIRECS;9991.0;2
272700;SUBMISSION;;INTARIAN_PEPPER_ROOT;XIRECS;14268.0;3
272800;;SUBMISSION;ASH_COATED_OSMIUM;XIRECS;9991.0;6
273100;SUBMISSION;;ASH_COATED_OSMIUM;XIRECS;9985.0;3
273200;SUBMISSION;;ASH_COATED_OSMIUM;XIRECS;9991.0;3
274100;SUBMISSION;;INTARIAN_PEPPER_ROOT;XIRECS;14269.0;3
274100;;;INTARIAN_PEPPER_ROOT;XIRECS;14269.0;3
274300;;SUBMISSION;INTARIAN_PEPPER_ROOT;XIRECS;14278.0;8
274600;SUBMISSION;;INTARIAN_PEPPER_ROOT;XIRECS;14270.0;3
275600;;SUBMISSION;ASH_COATED_OSMIUM;XIRECS;9993.0;4
276400;SUBMISSION;;ASH_COATED_OSMIUM;XIRECS;9983.0;4
278700;;SUBMISSION;INTARIAN_PEPPER_ROOT;XIRECS;14282.0;6
278800;;SUBMISSION;INTARIAN_PEPPER_ROOT;XIRECS;14283.0;4
280700;SUBMISSION;;INTARIAN_PEPPER_ROOT;XIRECS;14276.0;6
280900;;;ASH_COATED_OSMIUM;XIRECS;9977.0;2
282500;;;ASH_COATED_OSMIUM;XIRECS;9978.0;4
282600;;SUBMISSION;INTARIAN_PEPPER_ROOT;XIRECS;14286.0;6
282700;;SUBMISSION;ASH_COATED_OSMIUM;XIRECS;9989.0;3
282700;;;ASH_COATED_OSMIUM;XIRECS;9989.0;3
283300;SUBMISSION;;INTARIAN_PEPPER_ROOT;XIRECS;14279.0;5
285200;SUBMISSION;;ASH_COATED_OSMIUM;XIRECS;9989.0;3
285600;;SUBMISSION;INTARIAN_PEPPER_ROOT;XIRECS;14289.0;4
286100;SUBMISSION;;INTARIAN_PEPPER_ROOT;XIRECS;14281.0;7
288000;SUBMISSION;;INTARIAN_PEPPER_ROOT;XIRECS;14283.0;7
291400;;;ASH_COATED_OSMIUM;XIRECS;9983.0;3
293100;;SUBMISSION;INTARIAN_PEPPER_ROOT;XIRECS;14297.0;5
293400;;SUBMISSION;INTARIAN_PEPPER_ROOT;XIRECS;14297.0;5
293700;SUBMISSION;;INTARIAN_PEPPER_ROOT;XIRECS;14289.0;8
294100;;SUBMISSION;INTARIAN_PEPPER_ROOT;XIRECS;14301.0;3
295500;;SUBMISSION;ASH_COATED_OSMIUM;XIRECS;10001.0;8
296800;SUBMISSION;;INTARIAN_PEPPER_ROOT;XIRECS;14292.0;5
297000;;SUBMISSION;ASH_COATED_OSMIUM;XIRECS;10002.0;9
297100;;SUBMISSION;ASH_COATED_OSMIUM;XIRECS;9996.0;6
297300;;SUBMISSION;ASH_COATED_OSMIUM;XIRECS;10002.0;3
299500;SUBMISSION;;ASH_COATED_OSMIUM;XIRECS;9987.0;2
300000;;SUBMISSION;INTARIAN_PEPPER_ROOT;XIRECS;14307.0;7
300500;SUBMISSION;;ASH_COATED_OSMIUM;XIRECS;9995.0;2
301000;SUBMISSION;;INTARIAN_PEPPER_ROOT;XIRECS;14296.0;7
301400;;SUBMISSION;INTARIAN_PEPPER_ROOT;XIRECS;14308.0;7
301600;SUBMISSION;;ASH_COATED_OSMIUM;XIRECS;9987.0;9
302800;;SUBMISSION;ASH_COATED_OSMIUM;XIRECS;9995.0;5
302800;;;ASH_COATED_OSMIUM;XIRECS;9995.0;2
305600;SUBMISSION;;INTARIAN_PEPPER_ROOT;XIRECS;14301.0;3
306000;;SUBMISSION;INTARIAN_PEPPER_ROOT;XIRECS;14310.0;5
306200;SUBMISSION;;ASH_COATED_OSMIUM;XIRECS;9989.0;6
306500;;SUBMISSION;ASH_COATED_OSMIUM;XIRECS;10003.0;5
307600;SUBMISSION;;ASH_COATED_OSMIUM;XIRECS;9989.0;5
307900;SUBMISSION;;INTARIAN_PEPPER_ROOT;XIRECS;14303.0;8
308400;SUBMISSION;;INTARIAN_PEPPER_ROOT;XIRECS;14304.0;1
308600;SUBMISSION;;ASH_COATED_OSMIUM;XIRECS;9997.0;4
310000;;SUBMISSION;ASH_COATED_OSMIUM;XIRECS;10002.0;9
310300;;SUBMISSION;ASH_COATED_OSMIUM;XIRECS;9996.0;6
310900;;SUBMISSION;ASH_COATED_OSMIUM;XIRECS;10003.0;6
311200;;;INTARIAN_PEPPER_ROOT;XIRECS;14304.0;3
311700;;SUBMISSION;INTARIAN_PEPPER_ROOT;XIRECS;14315.0;6
312000;;SUBMISSION;ASH_COATED_OSMIUM;XIRECS;9997.0;5
312200;SUBMISSION;;ASH_COATED_OSMIUM;XIRECS;9997.0;3
313100;SUBMISSION;;ASH_COATED_OSMIUM;XIRECS;9988.0;2
313300;SUBMISSION;;ASH_COATED_OSMIUM;XIRECS;9992.0;6
313600;;SUBMISSION;ASH_COATED_OSMIUM;XIRECS;10002.0;3
313700;SUBMISSION;;ASH_COATED_OSMIUM;XIRECS;9992.0;6
314200;SUBMISSION;;ASH_COATED_OSMIUM;XIRECS;9992.0;10
314400;;SUBMISSION;INTARIAN_PEPPER_ROOT;XIRECS;14321.0;6
315600;SUBMISSION;;ASH_COATED_OSMIUM;XIRECS;9993.0;8
319100;;SUBMISSION;ASH_COATED_OSMIUM;XIRECS;10000.0;10
320900;;SUBMISSION;ASH_COATED_OSMIUM;XIRECS;10004.0;6
323200;;SUBMISSION;INTARIAN_PEPPER_ROOT;XIRECS;14327.0;5
323500;SUBMISSION;;ASH_COATED_OSMIUM;XIRECS;9990.0;6
324600;SUBMISSION;;ASH_COATED_OSMIUM;XIRECS;9989.0;2
325000;;SUBMISSION;ASH_COATED_OSMIUM;XIRECS;10004.0;5
325600;SUBMISSION;;ASH_COATED_OSMIUM;XIRECS;9997.0;4
327000;SUBMISSION;;ASH_COATED_OSMIUM;XIRECS;9997.0;5
327400;SUBMISSION;;INTARIAN_PEPPER_ROOT;XIRECS;14321.0;6
327600;;SUBMISSION;INTARIAN_PEPPER_ROOT;XIRECS;14331.0;5
327600;;SUBMISSION;INTARIAN_PEPPER_ROOT;XIRECS;14334.0;3
328500;;SUBMISSION;INTARIAN_PEPPER_ROOT;XIRECS;14332.0;7
328600;SUBMISSION;;INTARIAN_PEPPER_ROOT;XIRECS;14336.0;10
328700;;SUBMISSION;INTARIAN_PEPPER_ROOT;XIRECS;14333.0;5
328800;SUBMISSION;;INTARIAN_PEPPER_ROOT;XIRECS;14336.0;10
329000;SUBMISSION;;ASH_COATED_OSMIUM;XIRECS;9987.0;6
329800;;SUBMISSION;ASH_COATED_OSMIUM;XIRECS;10002.0;4
330300;;SUBMISSION;ASH_COATED_OSMIUM;XIRECS;9996.0;4
330400;SUBMISSION;;INTARIAN_PEPPER_ROOT;XIRECS;14326.0;8
330600;SUBMISSION;;ASH_COATED_OSMIUM;XIRECS;9988.0;2
331500;SUBMISSION;;INTARIAN_PEPPER_ROOT;XIRECS;14325.0;3
331800;;SUBMISSION;ASH_COATED_OSMIUM;XIRECS;10001.0;8
331900;SUBMISSION;;ASH_COATED_OSMIUM;XIRECS;9995.0;4
332600;;SUBMISSION;INTARIAN_PEPPER_ROOT;XIRECS;14336.0;8
332800;;SUBMISSION;ASH_COATED_OSMIUM;XIRECS;10001.0;5
332900;SUBMISSION;;ASH_COATED_OSMIUM;XIRECS;9994.0;5
333200;;SUBMISSION;ASH_COATED_OSMIUM;XIRECS;9994.0;6
333200;;SUBMISSION;INTARIAN_PEPPER_ROOT;XIRECS;14340.0;7
333900;;SUBMISSION;INTARIAN_PEPPER_ROOT;XIRECS;14338.0;7
334000;SUBMISSION;;INTARIAN_PEPPER_ROOT;XIRECS;14342.0;8
334400;;SUBMISSION;INTARIAN_PEPPER_ROOT;XIRECS;14341.0;3
334700;SUBMISSION;;INTARIAN_PEPPER_ROOT;XIRECS;14328.0;3
335300;;SUBMISSION;INTARIAN_PEPPER_ROOT;XIRECS;14342.0;3
335400;;SUBMISSION;INTARIAN_PEPPER_ROOT;XIRECS;14339.0;6
335500;SUBMISSION;;INTARIAN_PEPPER_ROOT;XIRECS;14343.0;11
335800;SUBMISSION;;ASH_COATED_OSMIUM;XIRECS;9986.0;6
336000;SUBMISSION;;ASH_COATED_OSMIUM;XIRECS;9986.0;6
336100;;SUBMISSION;ASH_COATED_OSMIUM;XIRECS;9995.0;4
336400;;SUBMISSION;ASH_COATED_OSMIUM;XIRECS;10001.0;9
336500;;SUBMISSION;INTARIAN_PEPPER_ROOT;XIRECS;14343.0;6
336800;SUBMISSION;;ASH_COATED_OSMIUM;XIRECS;9986.0;4
336800;SUBMISSION;;INTARIAN_PEPPER_ROOT;XIRECS;14332.0;5
337200;SUBMISSION;;ASH_COATED_OSMIUM;XIRECS;9986.0;6
337300;SUBMISSION;;ASH_COATED_OSMIUM;XIRECS;9986.0;7
337400;SUBMISSION;;INTARIAN_PEPPER_ROOT;XIRECS;14331.0;7
340700;;SUBMISSION;ASH_COATED_OSMIUM;XIRECS;9999.0;2
341200;SUBMISSION;;ASH_COATED_OSMIUM;XIRECS;9985.0;2
342400;;;ASH_COATED_OSMIUM;XIRECS;9983.0;5
344000;SUBMISSION;;INTARIAN_PEPPER_ROOT;XIRECS;14339.0;3
344200;;;ASH_COATED_OSMIUM;XIRECS;9983.0;4
344600;SUBMISSION;;INTARIAN_PEPPER_ROOT;XIRECS;14340.0;3
345800;;;ASH_COATED_OSMIUM;XIRECS;9983.0;3
346200;;;ASH_COATED_OSMIUM;XIRECS;9983.0;4
349400;;;ASH_COATED_OSMIUM;XIRECS;9996.0;4
350400;;SUBMISSION;ASH_COATED_OSMIUM;XIRECS;10000.0;5
350600;;SUBMISSION;INTARIAN_PEPPER_ROOT;XIRECS;14354.0;5
350900;;SUBMISSION;INTARIAN_PEPPER_ROOT;XIRECS;14358.0;4
351800;;SUBMISSION;ASH_COATED_OSMIUM;XIRECS;10002.0;5
351900;SUBMISSION;;INTARIAN_PEPPER_ROOT;XIRECS;14345.0;7
352100;SUBMISSION;;INTARIAN_PEPPER_ROOT;XIRECS;14347.0;2
352100;;;INTARIAN_PEPPER_ROOT;XIRECS;14347.0;2
352300;;SUBMISSION;INTARIAN_PEPPER_ROOT;XIRECS;14356.0;8
352500;;SUBMISSION;INTARIAN_PEPPER_ROOT;XIRECS;14359.0;6
353000;SUBMISSION;;ASH_COATED_OSMIUM;XIRECS;9988.0;5
353600;SUBMISSION;;INTARIAN_PEPPER_ROOT;XIRECS;14349.0;7
353800;SUBMISSION;;INTARIAN_PEPPER_ROOT;XIRECS;14349.0;7
354000;;SUBMISSION;INTARIAN_PEPPER_ROOT;XIRECS;14361.0;6
356500;;SUBMISSION;INTARIAN_PEPPER_ROOT;XIRECS;14360.0;6
356700;;SUBMISSION;ASH_COATED_OSMIUM;XIRECS;10001.0;9
356800;SUBMISSION;;INTARIAN_PEPPER_ROOT;XIRECS;14350.0;6
357500;SUBMISSION;;ASH_COATED_OSMIUM;XIRECS;9987.0;3
358000;SUBMISSION;;ASH_COATED_OSMIUM;XIRECS;9995.0;4
358000;SUBMISSION;;INTARIAN_PEPPER_ROOT;XIRECS;14351.0;3
358300;SUBMISSION;;INTARIAN_PEPPER_ROOT;XIRECS;14353.0;3
358400;;SUBMISSION;ASH_COATED_OSMIUM;XIRECS;10001.0;3
358400;;SUBMISSION;INTARIAN_PEPPER_ROOT;XIRECS;14362.0;5
358700;SUBMISSION;;ASH_COATED_OSMIUM;XIRECS;9995.0;2
359300;SUBMISSION;;ASH_COATED_OSMIUM;XIRECS;9988.0;4
359800;SUBMISSION;;ASH_COATED_OSMIUM;XIRECS;9995.0;2
360000;;SUBMISSION;INTARIAN_PEPPER_ROOT;XIRECS;14364.0;7
360800;;SUBMISSION;INTARIAN_PEPPER_ROOT;XIRECS;14367.0;5
361300;;SUBMISSION;INTARIAN_PEPPER_ROOT;XIRECS;14365.0;3
361400;SUBMISSION;;ASH_COATED_OSMIUM;XIRECS;9986.0;2
361600;;SUBMISSION;ASH_COATED_OSMIUM;XIRECS;9994.0;8
361600;SUBMISSION;;INTARIAN_PEPPER_ROOT;XIRECS;14357.0;5
362500;SUBMISSION;;INTARIAN_PEPPER_ROOT;XIRECS;14358.0;5
363200;;SUBMISSION;ASH_COATED_OSMIUM;XIRECS;9993.0;8
363200;;SUBMISSION;ASH_COATED_OSMIUM;XIRECS;9999.0;2
363300;;SUBMISSION;ASH_COATED_OSMIUM;XIRECS;9993.0;8
365300;SUBMISSION;;ASH_COATED_OSMIUM;XIRECS;9985.0;3
365400;SUBMISSION;;INTARIAN_PEPPER_ROOT;XIRECS;14361.0;7
365700;;SUBMISSION;ASH_COATED_OSMIUM;XIRECS;9993.0;4
367100;SUBMISSION;;ASH_COATED_OSMIUM;XIRECS;9989.0;10
367300;SUBMISSION;;INTARIAN_PEPPER_ROOT;XIRECS;14361.0;3
367300;;;INTARIAN_PEPPER_ROOT;XIRECS;14361.0;2
368600;SUBMISSION;;ASH_COATED_OSMIUM;XIRECS;9991.0;2
369000;SUBMISSION;;ASH_COATED_OSMIUM;XIRECS;9986.0;9
369700;SUBMISSION;;ASH_COATED_OSMIUM;XIRECS;9991.0;2
370400;SUBMISSION;;ASH_COATED_OSMIUM;XIRECS;9987.0;4
370500;;SUBMISSION;ASH_COATED_OSMIUM;XIRECS;9991.0;5
370800;SUBMISSION;;ASH_COATED_OSMIUM;XIRECS;9991.0;5
370900;;SUBMISSION;INTARIAN_PEPPER_ROOT;XIRECS;14378.0;4
371200;SUBMISSION;;INTARIAN_PEPPER_ROOT;XIRECS;14365.0;3
372300;SUBMISSION;;INTARIAN_PEPPER_ROOT;XIRECS;14367.0;1
372300;;;INTARIAN_PEPPER_ROOT;XIRECS;14367.0;5
373100;;SUBMISSION;INTARIAN_PEPPER_ROOT;XIRECS;14377.0;6
374600;;SUBMISSION;INTARIAN_PEPPER_ROOT;XIRECS;14381.0;3
375300;;;ASH_COATED_OSMIUM;XIRECS;9980.0;4
375400;;SUBMISSION;ASH_COATED_OSMIUM;XIRECS;9995.0;3
376700;SUBMISSION;;INTARIAN_PEPPER_ROOT;XIRECS;14372.0;7
377400;SUBMISSION;;ASH_COATED_OSMIUM;XIRECS;9981.0;3
378400;;SUBMISSION;ASH_COATED_OSMIUM;XIRECS;9992.0;4
379900;SUBMISSION;;ASH_COATED_OSMIUM;XIRECS;9986.0;4
380800;;SUBMISSION;INTARIAN_PEPPER_ROOT;XIRECS;14387.0;3
380900;;;ASH_COATED_OSMIUM;XIRECS;9981.0;8
381000;;SUBMISSION;ASH_COATED_OSMIUM;XIRECS;9996.0;2
381700;;SUBMISSION;ASH_COATED_OSMIUM;XIRECS;9988.0;6
382200;;SUBMISSION;INTARIAN_PEPPER_ROOT;XIRECS;14386.0;5
383000;;SUBMISSION;ASH_COATED_OSMIUM;XIRECS;9992.0;6
383100;;SUBMISSION;INTARIAN_PEPPER_ROOT;XIRECS;14387.0;6
383600;;SUBMISSION;ASH_COATED_OSMIUM;XIRECS;9987.0;5
384000;SUBMISSION;;ASH_COATED_OSMIUM;XIRECS;9978.0;4
384800;;SUBMISSION;ASH_COATED_OSMIUM;XIRECS;9986.0;7
385900;SUBMISSION;;ASH_COATED_OSMIUM;XIRECS;9988.0;4
386500;;SUBMISSION;ASH_COATED_OSMIUM;XIRECS;9989.0;5
389600;SUBMISSION;;INTARIAN_PEPPER_ROOT;XIRECS;14385.0;7
389800;;SUBMISSION;ASH_COATED_OSMIUM;XIRECS;9991.0;10
389900;SUBMISSION;;ASH_COATED_OSMIUM;XIRECS;9978.0;7
390400;SUBMISSION;;ASH_COATED_OSMIUM;XIRECS;9978.0;9
391100;SUBMISSION;;ASH_COATED_OSMIUM;XIRECS;9978.0;4
392300;;SUBMISSION;ASH_COATED_OSMIUM;XIRECS;9992.0;5
392600;SUBMISSION;;ASH_COATED_OSMIUM;XIRECS;9986.0;5
393800;SUBMISSION;;ASH_COATED_OSMIUM;XIRECS;9983.0;9
394700;SUBMISSION;;ASH_COATED_OSMIUM;XIRECS;9983.0;4
399100;SUBMISSION;;INTARIAN_PEPPER_ROOT;XIRECS;14392.0;3
401000;SUBMISSION;;INTARIAN_PEPPER_ROOT;XIRECS;14396.0;6
401000;;;INTARIAN_PEPPER_ROOT;XIRECS;14396.0;2
401400;;SUBMISSION;ASH_COATED_OSMIUM;XIRECS;9985.0;5
401500;SUBMISSION;;ASH_COATED_OSMIUM;XIRECS;9991.0;5
401500;;SUBMISSION;INTARIAN_PEPPER_ROOT;XIRECS;14405.0;7
401700;;SUBMISSION;ASH_COATED_OSMIUM;XIRECS;9990.0;9
402000;SUBMISSION;;ASH_COATED_OSMIUM;XIRECS;9990.0;9
402400;;;ASH_COATED_OSMIUM;XIRECS;9973.0;5
405200;;;ASH_COATED_OSMIUM;XIRECS;9973.0;2
406100;SUBMISSION;;INTARIAN_PEPPER_ROOT;XIRECS;14401.0;4
407000;SUBMISSION;;INTARIAN_PEPPER_ROOT;XIRECS;14402.0;3
407400;;SUBMISSION;ASH_COATED_OSMIUM;XIRECS;9990.0;8
407500;SUBMISSION;;ASH_COATED_OSMIUM;XIRECS;9990.0;8
412600;;;ASH_COATED_OSMIUM;XIRECS;9974.0;4
414000;;SUBMISSION;ASH_COATED_OSMIUM;XIRECS;9992.0;6
415200;;SUBMISSION;INTARIAN_PEPPER_ROOT;XIRECS;14422.0;6
415800;SUBMISSION;;ASH_COATED_OSMIUM;XIRECS;9979.0;6
416100;;;ASH_COATED_OSMIUM;XIRECS;9977.0;2
417100;;SUBMISSION;INTARIAN_PEPPER_ROOT;XIRECS;14424.0;5
419000;SUBMISSION;;INTARIAN_PEPPER_ROOT;XIRECS;14412.0;6
419200;;SUBMISSION;INTARIAN_PEPPER_ROOT;XIRECS;14426.0;4
420300;SUBMISSION;;INTARIAN_PEPPER_ROOT;XIRECS;14414.0;7
421400;;SUBMISSION;INTARIAN_PEPPER_ROOT;XIRECS;14425.0;6
423300;SUBMISSION;;INTARIAN_PEPPER_ROOT;XIRECS;14417.0;6
423900;;SUBMISSION;ASH_COATED_OSMIUM;XIRECS;9983.0;7
424000;SUBMISSION;;ASH_COATED_OSMIUM;XIRECS;9990.0;7
424700;;;ASH_COATED_OSMIUM;XIRECS;9974.0;6
424900;;SUBMISSION;INTARIAN_PEPPER_ROOT;XIRECS;14432.0;7
425200;;SUBMISSION;ASH_COATED_OSMIUM;XIRECS;9989.0;6
425300;SUBMISSION;;ASH_COATED_OSMIUM;XIRECS;9990.0;6
425300;;SUBMISSION;INTARIAN_PEPPER_ROOT;XIRECS;14429.0;3
425800;;;ASH_COATED_OSMIUM;XIRECS;9974.0;7
427400;;SUBMISSION;INTARIAN_PEPPER_ROOT;XIRECS;14431.0;5
427600;SUBMISSION;;INTARIAN_PEPPER_ROOT;XIRECS;14421.0;7
428000;;SUBMISSION;ASH_COATED_OSMIUM;XIRECS;9982.0;8
428100;SUBMISSION;;ASH_COATED_OSMIUM;XIRECS;9988.0;8
429800;;SUBMISSION;ASH_COATED_OSMIUM;XIRECS;9981.0;6
429900;SUBMISSION;;ASH_COATED_OSMIUM;XIRECS;9978.0;6
430100;;SUBMISSION;ASH_COATED_OSMIUM;XIRECS;9987.0;4
430200;SUBMISSION;;ASH_COATED_OSMIUM;XIRECS;9988.0;4
432100;;;INTARIAN_PEPPER_ROOT;XIRECS;14427.0;8
432800;;;ASH_COATED_OSMIUM;XIRECS;9973.0;6
433000;SUBMISSION;;INTARIAN_PEPPER_ROOT;XIRECS;14428.0;4
433700;;;ASH_COATED_OSMIUM;XIRECS;9974.0;6
435400;;;ASH_COATED_OSMIUM;XIRECS;9973.0;3
436100;;SUBMISSION;INTARIAN_PEPPER_ROOT;XIRECS;14440.0;5
437600;SUBMISSION;;INTARIAN_PEPPER_ROOT;XIRECS;14431.0;3
438500;;SUBMISSION;INTARIAN_PEPPER_ROOT;XIRECS;14442.0;6
439100;;SUBMISSION;ASH_COATED_OSMIUM;XIRECS;9988.0;5
439200;SUBMISSION;;ASH_COATED_OSMIUM;XIRECS;9989.0;5
439800;;SUBMISSION;ASH_COATED_OSMIUM;XIRECS;9988.0;7
439900;SUBMISSION;;ASH_COATED_OSMIUM;XIRECS;9988.0;7
440300;;SUBMISSION;ASH_COATED_OSMIUM;XIRECS;9987.0;3
440400;SUBMISSION;;ASH_COATED_OSMIUM;XIRECS;9987.0;3
440700;;;ASH_COATED_OSMIUM;XIRECS;9972.0;2
440800;SUBMISSION;;INTARIAN_PEPPER_ROOT;XIRECS;14434.0;4
441300;;;INTARIAN_PEPPER_ROOT;XIRECS;14436.0;5
442100;;SUBMISSION;ASH_COATED_OSMIUM;XIRECS;9980.0;2
442100;;;ASH_COATED_OSMIUM;XIRECS;9980.0;4
442200;SUBMISSION;;ASH_COATED_OSMIUM;XIRECS;9986.0;2
442700;;SUBMISSION;ASH_COATED_OSMIUM;XIRECS;9986.0;6
442800;SUBMISSION;;ASH_COATED_OSMIUM;XIRECS;9987.0;6
443000;;SUBMISSION;ASH_COATED_OSMIUM;XIRECS;9985.0;4
443100;SUBMISSION;;ASH_COATED_OSMIUM;XIRECS;9986.0;4
444000;;SUBMISSION;ASH_COATED_OSMIUM;XIRECS;9979.0;10
444100;SUBMISSION;;ASH_COATED_OSMIUM;XIRECS;9986.0;10
444200;;SUBMISSION;ASH_COATED_OSMIUM;XIRECS;9985.0;10
444200;;SUBMISSION;INTARIAN_PEPPER_ROOT;XIRECS;14448.0;6
444300;SUBMISSION;;ASH_COATED_OSMIUM;XIRECS;9986.0;10
444800;;SUBMISSION;ASH_COATED_OSMIUM;XIRECS;9979.0;9
444900;SUBMISSION;;ASH_COATED_OSMIUM;XIRECS;9985.0;9
445000;;SUBMISSION;ASH_COATED_OSMIUM;XIRECS;9984.0;8
445100;SUBMISSION;;ASH_COATED_OSMIUM;XIRECS;9985.0;8
447800;;SUBMISSION;INTARIAN_PEPPER_ROOT;XIRECS;14455.0;5
447900;SUBMISSION;;INTARIAN_PEPPER_ROOT;XIRECS;14456.0;11
448600;;SUBMISSION;INTARIAN_PEPPER_ROOT;XIRECS;14452.0;7
449100;;;ASH_COATED_OSMIUM;XIRECS;9969.0;8
450800;;;ASH_COATED_OSMIUM;XIRECS;9973.0;3
451800;;;ASH_COATED_OSMIUM;XIRECS;9968.0;5
452300;;SUBMISSION;ASH_COATED_OSMIUM;XIRECS;9982.0;7
452400;SUBMISSION;;ASH_COATED_OSMIUM;XIRECS;9983.0;7
453000;;SUBMISSION;INTARIAN_PEPPER_ROOT;XIRECS;14457.0;3
453400;;;ASH_COATED_OSMIUM;XIRECS;9967.0;6
453700;;SUBMISSION;ASH_COATED_OSMIUM;XIRECS;9976.0;6
453700;;;ASH_COATED_OSMIUM;XIRECS;9976.0;3
453800;SUBMISSION;;ASH_COATED_OSMIUM;XIRECS;9983.0;6
453800;SUBMISSION;;INTARIAN_PEPPER_ROOT;XIRECS;14449.0;7
456000;;SUBMISSION;ASH_COATED_OSMIUM;XIRECS;9982.0;4
456100;SUBMISSION;;ASH_COATED_OSMIUM;XIRECS;9983.0;4
456100;SUBMISSION;;INTARIAN_PEPPER_ROOT;XIRECS;14449.0;6
457000;SUBMISSION;;INTARIAN_PEPPER_ROOT;XIRECS;14450.0;6
457300;;SUBMISSION;INTARIAN_PEPPER_ROOT;XIRECS;14464.0;4
457600;;SUBMISSION;INTARIAN_PEPPER_ROOT;XIRECS;14461.0;3
458400;;SUBMISSION;ASH_COATED_OSMIUM;XIRECS;9980.0;6
458500;SUBMISSION;;ASH_COATED_OSMIUM;XIRECS;9980.0;6
458700;;SUBMISSION;INTARIAN_PEPPER_ROOT;XIRECS;14465.0;7
459600;SUBMISSION;;INTARIAN_PEPPER_ROOT;XIRECS;14453.0;6
460100;SUBMISSION;;INTARIAN_PEPPER_ROOT;XIRECS;14455.0;4
461900;;SUBMISSION;INTARIAN_PEPPER_ROOT;XIRECS;14469.0;5
462400;;SUBMISSION;ASH_COATED_OSMIUM;XIRECS;9977.0;6
462500;SUBMISSION;;ASH_COATED_OSMIUM;XIRECS;9983.0;6
463900;;SUBMISSION;ASH_COATED_OSMIUM;XIRECS;9982.0;6
464000;SUBMISSION;;ASH_COATED_OSMIUM;XIRECS;9976.0;4
464100;SUBMISSION;;ASH_COATED_OSMIUM;XIRECS;9982.0;2
464300;;SUBMISSION;INTARIAN_PEPPER_ROOT;XIRECS;14471.0;3
465500;;SUBMISSION;ASH_COATED_OSMIUM;XIRECS;9981.0;6
465600;SUBMISSION;;ASH_COATED_OSMIUM;XIRECS;9982.0;6
465900;;SUBMISSION;ASH_COATED_OSMIUM;XIRECS;9975.0;4
466000;SUBMISSION;;ASH_COATED_OSMIUM;XIRECS;9981.0;4
466000;SUBMISSION;;INTARIAN_PEPPER_ROOT;XIRECS;14461.0;3
467300;SUBMISSION;;INTARIAN_PEPPER_ROOT;XIRECS;14461.0;3
467800;;SUBMISSION;ASH_COATED_OSMIUM;XIRECS;9975.0;4
467800;;SUBMISSION;ASH_COATED_OSMIUM;XIRECS;9980.0;5
467800;;;ASH_COATED_OSMIUM;XIRECS;9975.0;2
467900;SUBMISSION;;ASH_COATED_OSMIUM;XIRECS;9982.0;9
468100;;;ASH_COATED_OSMIUM;XIRECS;9966.0;8
468600;;SUBMISSION;INTARIAN_PEPPER_ROOT;XIRECS;14472.0;4
469000;SUBMISSION;;INTARIAN_PEPPER_ROOT;XIRECS;14462.0;6
469300;;SUBMISSION;ASH_COATED_OSMIUM;XIRECS;9975.0;5
469400;SUBMISSION;;ASH_COATED_OSMIUM;XIRECS;9981.0;5
471900;;SUBMISSION;ASH_COATED_OSMIUM;XIRECS;9982.0;6
472000;SUBMISSION;;ASH_COATED_OSMIUM;XIRECS;9983.0;6
472200;;;ASH_COATED_OSMIUM;XIRECS;9967.0;3
472900;;SUBMISSION;INTARIAN_PEPPER_ROOT;XIRECS;14477.0;6
473000;;SUBMISSION;INTARIAN_PEPPER_ROOT;XIRECS;14477.0;4
473600;SUBMISSION;;INTARIAN_PEPPER_ROOT;XIRECS;14467.0;5
473800;;SUBMISSION;INTARIAN_PEPPER_ROOT;XIRECS;14478.0;3
474000;;SUBMISSION;INTARIAN_PEPPER_ROOT;XIRECS;14478.0;5
476400;;SUBMISSION;ASH_COATED_OSMIUM;XIRECS;9978.0;5
476500;SUBMISSION;;ASH_COATED_OSMIUM;XIRECS;9980.0;5
477200;;;ASH_COATED_OSMIUM;XIRECS;9963.0;6
477300;SUBMISSION;;INTARIAN_PEPPER_ROOT;XIRECS;14472.0;8
477600;;SUBMISSION;INTARIAN_PEPPER_ROOT;XIRECS;14484.0;5
478500;;;ASH_COATED_OSMIUM;XIRECS;9962.0;3
478600;;;ASH_COATED_OSMIUM;XIRECS;9963.0;6
479600;;;ASH_COATED_OSMIUM;XIRECS;9963.0;2
480500;SUBMISSION;;INTARIAN_PEPPER_ROOT;XIRECS;14476.0;3
482100;SUBMISSION;;INTARIAN_PEPPER_ROOT;XIRECS;14475.0;5
482600;;;ASH_COATED_OSMIUM;XIRECS;9964.0;5
482700;;;ASH_COATED_OSMIUM;XIRECS;9963.0;5
483400;;SUBMISSION;INTARIAN_PEPPER_ROOT;XIRECS;14487.0;3
486000;SUBMISSION;;INTARIAN_PEPPER_ROOT;XIRECS;14481.0;5
486200;;SUBMISSION;INTARIAN_PEPPER_ROOT;XIRECS;14490.0;8
486700;SUBMISSION;;INTARIAN_PEPPER_ROOT;XIRECS;14482.0;8
487200;;SUBMISSION;ASH_COATED_OSMIUM;XIRECS;9980.0;3
487300;SUBMISSION;;ASH_COATED_OSMIUM;XIRECS;9982.0;3
487500;;;ASH_COATED_OSMIUM;XIRECS;9965.0;4
487700;;;ASH_COATED_OSMIUM;XIRECS;9965.0;5
489400;SUBMISSION;;INTARIAN_PEPPER_ROOT;XIRECS;14483.0;3
489700;;SUBMISSION;ASH_COATED_OSMIUM;XIRECS;9979.0;7
489800;SUBMISSION;;ASH_COATED_OSMIUM;XIRECS;9979.0;7
490300;SUBMISSION;;INTARIAN_PEPPER_ROOT;XIRECS;14484.0;2
493800;;;INTARIAN_PEPPER_ROOT;XIRECS;14486.0;4
493900;;SUBMISSION;ASH_COATED_OSMIUM;XIRECS;9976.0;10
494000;SUBMISSION;;ASH_COATED_OSMIUM;XIRECS;9983.0;10
494300;;SUBMISSION;ASH_COATED_OSMIUM;XIRECS;9982.0;3
494300;;SUBMISSION;INTARIAN_PEPPER_ROOT;XIRECS;14498.0;6
494400;SUBMISSION;;ASH_COATED_OSMIUM;XIRECS;9983.0;3
494400;;SUBMISSION;ASH_COATED_OSMIUM;XIRECS;9977.0;6
494500;SUBMISSION;;ASH_COATED_OSMIUM;XIRECS;9983.0;6
495100;;SUBMISSION;INTARIAN_PEPPER_ROOT;XIRECS;14499.0;8
495800;SUBMISSION;;INTARIAN_PEPPER_ROOT;XIRECS;14489.0;4
498100;SUBMISSION;;INTARIAN_PEPPER_ROOT;XIRECS;14493.0;8
498800;;SUBMISSION;ASH_COATED_OSMIUM;XIRECS;9976.0;6
498900;SUBMISSION;;ASH_COATED_OSMIUM;XIRECS;9982.0;6
498900;;;ASH_COATED_OSMIUM;XIRECS;9966.0;8
500000;;SUBMISSION;INTARIAN_PEPPER_ROOT;XIRECS;14504.0;3
500000;;;ASH_COATED_OSMIUM;XIRECS;9964.0;4
501300;;SUBMISSION;INTARIAN_PEPPER_ROOT;XIRECS;14505.0;7
501900;;SUBMISSION;ASH_COATED_OSMIUM;XIRECS;9974.0;6
502000;SUBMISSION;;ASH_COATED_OSMIUM;XIRECS;9980.0;6
502100;;;ASH_COATED_OSMIUM;XIRECS;9964.0;4
502700;;SUBMISSION;ASH_COATED_OSMIUM;XIRECS;9979.0;2
502800;SUBMISSION;;ASH_COATED_OSMIUM;XIRECS;9980.0;2
503100;;;ASH_COATED_OSMIUM;XIRECS;9969.0;3
503300;SUBMISSION;;INTARIAN_PEPPER_ROOT;XIRECS;14497.0;6
505100;SUBMISSION;;INTARIAN_PEPPER_ROOT;XIRECS;14500.0;6
507800;;;INTARIAN_PEPPER_ROOT;XIRECS;14500.0;3
509700;;;INTARIAN_PEPPER_ROOT;XIRECS;14502.0;7
511000;;;ASH_COATED_OSMIUM;XIRECS;9960.0;4
511700;;SUBMISSION;ASH_COATED_OSMIUM;XIRECS;9976.0;6
511800;SUBMISSION;;ASH_COATED_OSMIUM;XIRECS;9977.0;6
512500;;SUBMISSION;ASH_COATED_OSMIUM;XIRECS;9976.0;4
512600;SUBMISSION;;ASH_COATED_OSMIUM;XIRECS;9977.0;4
512800;;SUBMISSION;INTARIAN_PEPPER_ROOT;XIRECS;14520.0;5
512800;;;ASH_COATED_OSMIUM;XIRECS;9961.0;7
513600;;SUBMISSION;INTARIAN_PEPPER_ROOT;XIRECS;14517.0;5
514300;;;ASH_COATED_OSMIUM;XIRECS;9960.0;5
516100;;SUBMISSION;ASH_COATED_OSMIUM;XIRECS;9976.0;5
516200;SUBMISSION;;ASH_COATED_OSMIUM;XIRECS;9971.0;3
516300;SUBMISSION;;ASH_COATED_OSMIUM;XIRECS;9977.0;2
517200;;SUBMISSION;ASH_COATED_OSMIUM;XIRECS;9978.0;5
517300;SUBMISSION;;ASH_COATED_OSMIUM;XIRECS;9979.0;5
519200;;SUBMISSION;INTARIAN_PEPPER_ROOT;XIRECS;14526.0;7
519800;SUBMISSION;;INTARIAN_PEPPER_ROOT;XIRECS;14515.0;5
520100;;SUBMISSION;ASH_COATED_OSMIUM;XIRECS;9978.0;6
520200;SUBMISSION;;ASH_COATED_OSMIUM;XIRECS;9979.0;6
520700;SUBMISSION;;INTARIAN_PEPPER_ROOT;XIRECS;14514.0;5
521600;SUBMISSION;;INTARIAN_PEPPER_ROOT;XIRECS;14515.0;5
521800;;;ASH_COATED_OSMIUM;XIRECS;9961.0;4
522500;;;ASH_COATED_OSMIUM;XIRECS;9970.0;5
523800;;SUBMISSION;ASH_COATED_OSMIUM;XIRECS;9970.0;5
523900;SUBMISSION;;ASH_COATED_OSMIUM;XIRECS;9976.0;5
525300;;SUBMISSION;ASH_COATED_OSMIUM;XIRECS;9969.0;7
525400;SUBMISSION;;ASH_COATED_OSMIUM;XIRECS;9975.0;7
525700;;;ASH_COATED_OSMIUM;XIRECS;9960.0;4
526500;;SUBMISSION;ASH_COATED_OSMIUM;XIRECS;9969.0;10
526600;SUBMISSION;;ASH_COATED_OSMIUM;XIRECS;9976.0;10
527200;SUBMISSION;;INTARIAN_PEPPER_ROOT;XIRECS;14522.0;2
527300;;SUBMISSION;INTARIAN_PEPPER_ROOT;XIRECS;14531.0;5
529800;;SUBMISSION;INTARIAN_PEPPER_ROOT;XIRECS;14534.0;3
531600;SUBMISSION;;INTARIAN_PEPPER_ROOT;XIRECS;14525.0;4
532300;;;ASH_COATED_OSMIUM;XIRECS;9961.0;3
533300;;SUBMISSION;INTARIAN_PEPPER_ROOT;XIRECS;14537.0;3
534800;;SUBMISSION;ASH_COATED_OSMIUM;XIRECS;9970.0;9
534900;SUBMISSION;;ASH_COATED_OSMIUM;XIRECS;9976.0;9
536100;;;ASH_COATED_OSMIUM;XIRECS;9957.0;6
536700;;SUBMISSION;INTARIAN_PEPPER_ROOT;XIRECS;14543.0;3
537200;;SUBMISSION;ASH_COATED_OSMIUM;XIRECS;9974.0;3
537300;SUBMISSION;;ASH_COATED_OSMIUM;XIRECS;9975.0;3
538200;;SUBMISSION;ASH_COATED_OSMIUM;XIRECS;9970.0;9
538300;SUBMISSION;;ASH_COATED_OSMIUM;XIRECS;9977.0;9
538700;;SUBMISSION;INTARIAN_PEPPER_ROOT;XIRECS;14543.0;5
539900;SUBMISSION;;INTARIAN_PEPPER_ROOT;XIRECS;14533.0;6
540100;;SUBMISSION;ASH_COATED_OSMIUM;XIRECS;9978.0;2
540200;SUBMISSION;;ASH_COATED_OSMIUM;XIRECS;9979.0;2
541400;;SUBMISSION;INTARIAN_PEPPER_ROOT;XIRECS;14545.0;8
542300;;SUBMISSION;ASH_COATED_OSMIUM;XIRECS;9971.0;8
542400;SUBMISSION;;ASH_COATED_OSMIUM;XIRECS;9978.0;8
544400;;SUBMISSION;ASH_COATED_OSMIUM;XIRECS;9972.0;8
544500;SUBMISSION;;ASH_COATED_OSMIUM;XIRECS;9979.0;8
544700;;SUBMISSION;INTARIAN_PEPPER_ROOT;XIRECS;14549.0;8
544800;SUBMISSION;;INTARIAN_PEPPER_ROOT;XIRECS;14553.0;12
545100;;SUBMISSION;INTARIAN_PEPPER_ROOT;XIRECS;14552.0;7
545400;;SUBMISSION;INTARIAN_PEPPER_ROOT;XIRECS;14549.0;7
545500;SUBMISSION;;INTARIAN_PEPPER_ROOT;XIRECS;14553.0;8
545900;;SUBMISSION;ASH_COATED_OSMIUM;XIRECS;9974.0;7
545900;;SUBMISSION;INTARIAN_PEPPER_ROOT;XIRECS;14550.0;5
546000;SUBMISSION;;ASH_COATED_OSMIUM;XIRECS;9981.0;7
546000;SUBMISSION;;INTARIAN_PEPPER_ROOT;XIRECS;14554.0;10
547300;;;ASH_COATED_OSMIUM;XIRECS;9965.0;9
548000;SUBMISSION;;INTARIAN_PEPPER_ROOT;XIRECS;14543.0;5
548400;;SUBMISSION;ASH_COATED_OSMIUM;XIRECS;9976.0;10
548500;SUBMISSION;;ASH_COATED_OSMIUM;XIRECS;9982.0;10
548900;;SUBMISSION;INTARIAN_PEPPER_ROOT;XIRECS;14553.0;7
550200;;SUBMISSION;ASH_COATED_OSMIUM;XIRECS;9975.0;6
550300;SUBMISSION;;ASH_COATED_OSMIUM;XIRECS;9981.0;6
551500;SUBMISSION;;INTARIAN_PEPPER_ROOT;XIRECS;14547.0;6
552600;;SUBMISSION;ASH_COATED_OSMIUM;XIRECS;9975.0;7
552700;SUBMISSION;;ASH_COATED_OSMIUM;XIRECS;9981.0;7
552900;;;ASH_COATED_OSMIUM;XIRECS;9964.0;10
554000;;SUBMISSION;ASH_COATED_OSMIUM;XIRECS;9972.0;5
554100;SUBMISSION;;ASH_COATED_OSMIUM;XIRECS;9979.0;5
554400;;;ASH_COATED_OSMIUM;XIRECS;9962.0;10
554600;SUBMISSION;;INTARIAN_PEPPER_ROOT;XIRECS;14550.0;7
555000;;SUBMISSION;INTARIAN_PEPPER_ROOT;XIRECS;14559.0;3
555700;SUBMISSION;;INTARIAN_PEPPER_ROOT;XIRECS;14551.0;6
555700;;;INTARIAN_PEPPER_ROOT;XIRECS;14551.0;1
556000;;;INTARIAN_PEPPER_ROOT;XIRECS;14548.0;3
556700;;;ASH_COATED_OSMIUM;XIRECS;9964.0;2
556700;;;INTARIAN_PEPPER_ROOT;XIRECS;14552.0;8
556800;;SUBMISSION;INTARIAN_PEPPER_ROOT;XIRECS;14564.0;3
557400;;SUBMISSION;ASH_COATED_OSMIUM;XIRECS;9973.0;9
557500;SUBMISSION;;ASH_COATED_OSMIUM;XIRECS;9980.0;9
557700;;;ASH_COATED_OSMIUM;XIRECS;9964.0;8
558800;;SUBMISSION;INTARIAN_PEPPER_ROOT;XIRECS;14563.0;8
558900;;SUBMISSION;INTARIAN_PEPPER_ROOT;XIRECS;14563.0;7
559300;;SUBMISSION;ASH_COATED_OSMIUM;XIRECS;9973.0;8
559400;SUBMISSION;;ASH_COATED_OSMIUM;XIRECS;9980.0;8
560300;;SUBMISSION;ASH_COATED_OSMIUM;XIRECS;9980.0;6
560400;SUBMISSION;;ASH_COATED_OSMIUM;XIRECS;9981.0;6
560800;;SUBMISSION;ASH_COATED_OSMIUM;XIRECS;9974.0;10
560900;SUBMISSION;;ASH_COATED_OSMIUM;XIRECS;9981.0;10
561100;SUBMISSION;;INTARIAN_PEPPER_ROOT;XIRECS;14556.0;6
561300;SUBMISSION;;INTARIAN_PEPPER_ROOT;XIRECS;14556.0;3
563700;;SUBMISSION;ASH_COATED_OSMIUM;XIRECS;9979.0;3
563800;SUBMISSION;;ASH_COATED_OSMIUM;XIRECS;9980.0;3
564900;SUBMISSION;;INTARIAN_PEPPER_ROOT;XIRECS;14560.0;6
566100;SUBMISSION;;INTARIAN_PEPPER_ROOT;XIRECS;14561.0;3
566300;;SUBMISSION;INTARIAN_PEPPER_ROOT;XIRECS;14570.0;5
566600;;SUBMISSION;ASH_COATED_OSMIUM;XIRECS;9980.0;7
566700;SUBMISSION;;ASH_COATED_OSMIUM;XIRECS;9981.0;7
566700;SUBMISSION;;INTARIAN_PEPPER_ROOT;XIRECS;14560.0;3
567300;;;ASH_COATED_OSMIUM;XIRECS;9965.0;10
569800;SUBMISSION;;INTARIAN_PEPPER_ROOT;XIRECS;14565.0;2
570000;;SUBMISSION;INTARIAN_PEPPER_ROOT;XIRECS;14577.0;5
573000;;SUBMISSION;ASH_COATED_OSMIUM;XIRECS;9980.0;3
573100;SUBMISSION;;ASH_COATED_OSMIUM;XIRECS;9981.0;3
573500;SUBMISSION;;INTARIAN_PEPPER_ROOT;XIRECS;14569.0;5
573700;;SUBMISSION;INTARIAN_PEPPER_ROOT;XIRECS;14578.0;3
574000;;;ASH_COATED_OSMIUM;XIRECS;9966.0;2
574100;;SUBMISSION;ASH_COATED_OSMIUM;XIRECS;9981.0;5
574200;SUBMISSION;;ASH_COATED_OSMIUM;XIRECS;9982.0;5
574300;;;ASH_COATED_OSMIUM;XIRECS;9966.0;3
576400;;SUBMISSION;INTARIAN_PEPPER_ROOT;XIRECS;14583.0;5
576500;SUBMISSION;;INTARIAN_PEPPER_ROOT;XIRECS;14572.0;7
577700;SUBMISSION;;INTARIAN_PEPPER_ROOT;XIRECS;14573.0;1
578600;;SUBMISSION;ASH_COATED_OSMIUM;XIRECS;9978.0;6
578700;SUBMISSION;;ASH_COATED_OSMIUM;XIRECS;9984.0;6
579400;;SUBMISSION;INTARIAN_PEPPER_ROOT;XIRECS;14586.0;7
579600;;SUBMISSION;INTARIAN_PEPPER_ROOT;XIRECS;14586.0;7
580100;SUBMISSION;;INTARIAN_PEPPER_ROOT;XIRECS;14573.0;7
581300;;SUBMISSION;ASH_COATED_OSMIUM;XIRECS;9983.0;2
581400;SUBMISSION;;ASH_COATED_OSMIUM;XIRECS;9984.0;2
582100;SUBMISSION;;INTARIAN_PEPPER_ROOT;XIRECS;14575.0;5
583900;;SUBMISSION;ASH_COATED_OSMIUM;XIRECS;9981.0;7
584000;SUBMISSION;;ASH_COATED_OSMIUM;XIRECS;9981.0;7
584000;;SUBMISSION;ASH_COATED_OSMIUM;XIRECS;9980.0;8
584100;SUBMISSION;;ASH_COATED_OSMIUM;XIRECS;9982.0;8
584200;;SUBMISSION;INTARIAN_PEPPER_ROOT;XIRECS;14591.0;4
585100;SUBMISSION;;INTARIAN_PEPPER_ROOT;XIRECS;14578.0;5
587200;;SUBMISSION;INTARIAN_PEPPER_ROOT;XIRECS;14591.0;6
588400;;SUBMISSION;INTARIAN_PEPPER_ROOT;XIRECS;14592.0;5
588600;;SUBMISSION;ASH_COATED_OSMIUM;XIRECS;9977.0;10
588700;SUBMISSION;;ASH_COATED_OSMIUM;XIRECS;9984.0;10
589400;SUBMISSION;;INTARIAN_PEPPER_ROOT;XIRECS;14585.0;3
590100;;SUBMISSION;ASH_COATED_OSMIUM;XIRECS;9981.0;3
590200;SUBMISSION;;ASH_COATED_OSMIUM;XIRECS;9982.0;3
590200;;SUBMISSION;INTARIAN_PEPPER_ROOT;XIRECS;14597.0;3
592000;;SUBMISSION;INTARIAN_PEPPER_ROOT;XIRECS;14596.0;6
593000;;SUBMISSION;ASH_COATED_OSMIUM;XIRECS;9976.0;8
593100;SUBMISSION;;ASH_COATED_OSMIUM;XIRECS;9976.0;4
593200;SUBMISSION;;ASH_COATED_OSMIUM;XIRECS;9982.0;4
593600;;SUBMISSION;INTARIAN_PEPPER_ROOT;XIRECS;14600.0;3
593700;SUBMISSION;;INTARIAN_PEPPER_ROOT;XIRECS;14601.0;10
594800;;SUBMISSION;ASH_COATED_OSMIUM;XIRECS;9983.0;2
594900;SUBMISSION;;ASH_COATED_OSMIUM;XIRECS;9983.0;2
597100;;SUBMISSION;ASH_COATED_OSMIUM;XIRECS;9977.0;6
597200;SUBMISSION;;ASH_COATED_OSMIUM;XIRECS;9984.0;6
600300;SUBMISSION;;INTARIAN_PEPPER_ROOT;XIRECS;14593.0;6
600600;;;ASH_COATED_OSMIUM;XIRECS;9970.0;6
602900;;;ASH_COATED_OSMIUM;XIRECS;9977.0;2
604500;;SUBMISSION;INTARIAN_PEPPER_ROOT;XIRECS;14608.0;7
605700;SUBMISSION;;INTARIAN_PEPPER_ROOT;XIRECS;14599.0;3
607200;;;ASH_COATED_OSMIUM;XIRECS;9973.0;3
607600;;SUBMISSION;ASH_COATED_OSMIUM;XIRECS;9987.0;5
607700;SUBMISSION;;ASH_COATED_OSMIUM;XIRECS;9988.0;5
608800;;SUBMISSION;INTARIAN_PEPPER_ROOT;XIRECS;14613.0;3
610300;SUBMISSION;;INTARIAN_PEPPER_ROOT;XIRECS;14603.0;5
611400;;;ASH_COATED_OSMIUM;XIRECS;9970.0;6
611700;;;ASH_COATED_OSMIUM;XIRECS;9970.0;5
612000;;SUBMISSION;ASH_COATED_OSMIUM;XIRECS;9979.0;4
612000;;;ASH_COATED_OSMIUM;XIRECS;9979.0;2
612100;SUBMISSION;;ASH_COATED_OSMIUM;XIRECS;9985.0;4
612300;SUBMISSION;;INTARIAN_PEPPER_ROOT;XIRECS;14607.0;7
612300;;;INTARIAN_PEPPER_ROOT;XIRECS;14607.0;1
615600;;SUBMISSION;ASH_COATED_OSMIUM;XIRECS;9986.0;5
615700;SUBMISSION;;ASH_COATED_OSMIUM;XIRECS;9981.0;5
616700;;SUBMISSION;INTARIAN_PEPPER_ROOT;XIRECS;14621.0;4
617200;;SUBMISSION;INTARIAN_PEPPER_ROOT;XIRECS;14621.0;6
619300;;SUBMISSION;INTARIAN_PEPPER_ROOT;XIRECS;14626.0;7
620700;;SUBMISSION;ASH_COATED_OSMIUM;XIRECS;9990.0;8
620800;;SUBMISSION;INTARIAN_PEPPER_ROOT;XIRECS;14625.0;4
620900;SUBMISSION;;INTARIAN_PEPPER_ROOT;XIRECS;14629.0;12
621200;SUBMISSION;;ASH_COATED_OSMIUM;XIRECS;9990.0;8
622700;;SUBMISSION;ASH_COATED_OSMIUM;XIRECS;9990.0;4
622800;SUBMISSION;;ASH_COATED_OSMIUM;XIRECS;9990.0;4
623200;;SUBMISSION;INTARIAN_PEPPER_ROOT;XIRECS;14630.0;6
624500;;;ASH_COATED_OSMIUM;XIRECS;9973.0;6
626300;;SUBMISSION;INTARIAN_PEPPER_ROOT;XIRECS;14630.0;5
627400;;SUBMISSION;INTARIAN_PEPPER_ROOT;XIRECS;14631.0;7
627500;SUBMISSION;;INTARIAN_PEPPER_ROOT;XIRECS;14635.0;11
628900;;SUBMISSION;ASH_COATED_OSMIUM;XIRECS;9988.0;6
629000;SUBMISSION;;ASH_COATED_OSMIUM;XIRECS;9989.0;6
629000;SUBMISSION;;INTARIAN_PEPPER_ROOT;XIRECS;14622.0;4
629200;SUBMISSION;;INTARIAN_PEPPER_ROOT;XIRECS;14624.0;5
630900;SUBMISSION;;INTARIAN_PEPPER_ROOT;XIRECS;14624.0;6
632100;;SUBMISSION;ASH_COATED_OSMIUM;XIRECS;9986.0;5
632200;SUBMISSION;;ASH_COATED_OSMIUM;XIRECS;9988.0;5
634000;;;ASH_COATED_OSMIUM;XIRECS;9972.0;2
634300;;SUBMISSION;INTARIAN_PEPPER_ROOT;XIRECS;14641.0;6
634400;;SUBMISSION;INTARIAN_PEPPER_ROOT;XIRECS;14638.0;5
636300;SUBMISSION;;INTARIAN_PEPPER_ROOT;XIRECS;14629.0;5
636900;;SUBMISSION;INTARIAN_PEPPER_ROOT;XIRECS;14644.0;6
638800;;SUBMISSION;INTARIAN_PEPPER_ROOT;XIRECS;14646.0;4
639100;;SUBMISSION;ASH_COATED_OSMIUM;XIRECS;9985.0;8
639100;SUBMISSION;;INTARIAN_PEPPER_ROOT;XIRECS;14632.0;3
639200;SUBMISSION;;ASH_COATED_OSMIUM;XIRECS;9976.0;8
639800;SUBMISSION;;INTARIAN_PEPPER_ROOT;XIRECS;14633.0;4
640000;;SUBMISSION;INTARIAN_PEPPER_ROOT;XIRECS;14647.0;6
640400;;;ASH_COATED_OSMIUM;XIRECS;9971.0;4
640500;;SUBMISSION;ASH_COATED_OSMIUM;XIRECS;9981.0;8
640600;SUBMISSION;;ASH_COATED_OSMIUM;XIRECS;9987.0;8
641500;;SUBMISSION;INTARIAN_PEPPER_ROOT;XIRECS;14645.0;5
641600;SUBMISSION;;INTARIAN_PEPPER_ROOT;XIRECS;14649.0;11
641800;;SUBMISSION;ASH_COATED_OSMIUM;XIRECS;9986.0;5
641900;SUBMISSION;;ASH_COATED_OSMIUM;XIRECS;9987.0;5
642100;;SUBMISSION;INTARIAN_PEPPER_ROOT;XIRECS;14649.0;4
642700;;SUBMISSION;ASH_COATED_OSMIUM;XIRECS;9986.0;6
642800;SUBMISSION;;ASH_COATED_OSMIUM;XIRECS;9988.0;6
642900;SUBMISSION;;INTARIAN_PEPPER_ROOT;XIRECS;14636.0;5
643000;SUBMISSION;;INTARIAN_PEPPER_ROOT;XIRECS;14638.0;6
644100;;SUBMISSION;ASH_COATED_OSMIUM;XIRECS;9987.0;6
644200;SUBMISSION;;ASH_COATED_OSMIUM;XIRECS;9988.0;6
645400;;;ASH_COATED_OSMIUM;XIRECS;9974.0;2
645700;;SUBMISSION;ASH_COATED_OSMIUM;XIRECS;9989.0;8
645800;;SUBMISSION;INTARIAN_PEPPER_ROOT;XIRECS;14653.0;4
646000;SUBMISSION;;ASH_COATED_OSMIUM;XIRECS;9990.0;8
647300;;SUBMISSION;ASH_COATED_OSMIUM;XIRECS;9989.0;5
647400;SUBMISSION;;ASH_COATED_OSMIUM;XIRECS;9990.0;5
650200;;;INTARIAN_PEPPER_ROOT;XIRECS;14654.0;6
650400;;;ASH_COATED_OSMIUM;XIRECS;9972.0;4
651300;;SUBMISSION;INTARIAN_PEPPER_ROOT;XIRECS;14655.0;8
652000;;SUBMISSION;ASH_COATED_OSMIUM;XIRECS;9982.0;4
652100;SUBMISSION;;ASH_COATED_OSMIUM;XIRECS;9988.0;4
653000;;SUBMISSION;INTARIAN_PEPPER_ROOT;XIRECS;14660.0;6
653100;SUBMISSION;;INTARIAN_PEPPER_ROOT;XIRECS;14661.0;9
653800;;SUBMISSION;INTARIAN_PEPPER_ROOT;XIRECS;14658.0;5
653900;;;ASH_COATED_OSMIUM;XIRECS;9973.0;6
654800;;;ASH_COATED_OSMIUM;XIRECS;9973.0;6
655900;;;ASH_COATED_OSMIUM;XIRECS;9973.0;3
656400;;SUBMISSION;INTARIAN_PEPPER_ROOT;XIRECS;14663.0;6
656500;SUBMISSION;;INTARIAN_PEPPER_ROOT;XIRECS;14664.0;12
656900;;;ASH_COATED_OSMIUM;XIRECS;9972.0;10
658000;;;ASH_COATED_OSMIUM;XIRECS;9971.0;3
658300;;SUBMISSION;ASH_COATED_OSMIUM;XIRECS;9987.0;2
658300;SUBMISSION;;INTARIAN_PEPPER_ROOT;XIRECS;14653.0;3
658400;SUBMISSION;;ASH_COATED_OSMIUM;XIRECS;9988.0;2
658400;;SUBMISSION;ASH_COATED_OSMIUM;XIRECS;9982.0;8
658400;;SUBMISSION;ASH_COATED_OSMIUM;XIRECS;9987.0;9
658500;SUBMISSION;;ASH_COATED_OSMIUM;XIRECS;9988.0;13
658600;SUBMISSION;;ASH_COATED_OSMIUM;XIRECS;9987.0;4
659800;SUBMISSION;;INTARIAN_PEPPER_ROOT;XIRECS;14655.0;6
660200;;SUBMISSION;ASH_COATED_OSMIUM;XIRECS;9986.0;4
660300;SUBMISSION;;ASH_COATED_OSMIUM;XIRECS;9987.0;4
660400;SUBMISSION;;INTARIAN_PEPPER_ROOT;XIRECS;14654.0;2
662600;;SUBMISSION;INTARIAN_PEPPER_ROOT;XIRECS;14666.0;6
664400;;SUBMISSION;ASH_COATED_OSMIUM;XIRECS;9981.0;7
664500;SUBMISSION;;ASH_COATED_OSMIUM;XIRECS;9987.0;7
665900;;SUBMISSION;INTARIAN_PEPPER_ROOT;XIRECS;14673.0;4
666400;;;ASH_COATED_OSMIUM;XIRECS;9969.0;4
666800;;;ASH_COATED_OSMIUM;XIRECS;9969.0;5
667800;;SUBMISSION;INTARIAN_PEPPER_ROOT;XIRECS;14672.0;5
668000;;SUBMISSION;ASH_COATED_OSMIUM;XIRECS;9985.0;2
668100;SUBMISSION;;ASH_COATED_OSMIUM;XIRECS;9986.0;2
668200;;SUBMISSION;INTARIAN_PEPPER_ROOT;XIRECS;14675.0;4
669800;;SUBMISSION;INTARIAN_PEPPER_ROOT;XIRECS;14677.0;7
669900;SUBMISSION;;INTARIAN_PEPPER_ROOT;XIRECS;14678.0;8
672200;SUBMISSION;;INTARIAN_PEPPER_ROOT;XIRECS;14665.0;3
672600;;SUBMISSION;INTARIAN_PEPPER_ROOT;XIRECS;14677.0;3
673000;SUBMISSION;;INTARIAN_PEPPER_ROOT;XIRECS;14668.0;5
673600;;SUBMISSION;INTARIAN_PEPPER_ROOT;XIRECS;14678.0;6
673600;;;ASH_COATED_OSMIUM;XIRECS;9972.0;10
675600;;SUBMISSION;INTARIAN_PEPPER_ROOT;XIRECS;14680.0;7
675700;SUBMISSION;;INTARIAN_PEPPER_ROOT;XIRECS;14684.0;8
676800;;;ASH_COATED_OSMIUM;XIRECS;9973.0;4
677100;;;ASH_COATED_OSMIUM;XIRECS;9972.0;2
677500;SUBMISSION;;INTARIAN_PEPPER_ROOT;XIRECS;14671.0;4
677800;SUBMISSION;;INTARIAN_PEPPER_ROOT;XIRECS;14671.0;3
679200;;SUBMISSION;ASH_COATED_OSMIUM;XIRECS;9987.0;5
679300;SUBMISSION;;ASH_COATED_OSMIUM;XIRECS;9977.0;5
681200;;SUBMISSION;ASH_COATED_OSMIUM;XIRECS;9990.0;9
681300;SUBMISSION;;ASH_COATED_OSMIUM;XIRECS;9991.0;9
681700;;SUBMISSION;INTARIAN_PEPPER_ROOT;XIRECS;14689.0;7
681900;;;ASH_COATED_OSMIUM;XIRECS;9981.0;3
682800;;SUBMISSION;INTARIAN_PEPPER_ROOT;XIRECS;14687.0;6
682900;;SUBMISSION;ASH_COATED_OSMIUM;XIRECS;9992.0;4
682900;SUBMISSION;;INTARIAN_PEPPER_ROOT;XIRECS;14691.0;12
682900;;;INTARIAN_PEPPER_ROOT;XIRECS;14694.0;4
683900;;SUBMISSION;INTARIAN_PEPPER_ROOT;XIRECS;14688.0;3
684500;SUBMISSION;;INTARIAN_PEPPER_ROOT;XIRECS;14680.0;7
685200;SUBMISSION;;ASH_COATED_OSMIUM;XIRECS;9991.0;4
685400;;SUBMISSION;ASH_COATED_OSMIUM;XIRECS;9990.0;7
685600;SUBMISSION;;ASH_COATED_OSMIUM;XIRECS;9991.0;7
686400;SUBMISSION;;INTARIAN_PEPPER_ROOT;XIRECS;14681.0;8
687300;;;INTARIAN_PEPPER_ROOT;XIRECS;14679.0;4
687700;;;INTARIAN_PEPPER_ROOT;XIRECS;14683.0;7
688000;;SUBMISSION;INTARIAN_PEPPER_ROOT;XIRECS;14695.0;3
688500;SUBMISSION;;INTARIAN_PEPPER_ROOT;XIRECS;14684.0;3
689500;;SUBMISSION;ASH_COATED_OSMIUM;XIRECS;9990.0;6
689600;SUBMISSION;;ASH_COATED_OSMIUM;XIRECS;9980.0;6
689900;;SUBMISSION;INTARIAN_PEPPER_ROOT;XIRECS;14697.0;6
690200;SUBMISSION;;INTARIAN_PEPPER_ROOT;XIRECS;14683.0;3
690300;;SUBMISSION;INTARIAN_PEPPER_ROOT;XIRECS;14697.0;3
690300;;;ASH_COATED_OSMIUM;XIRECS;9973.0;5
690600;;SUBMISSION;INTARIAN_PEPPER_ROOT;XIRECS;14695.0;5
690800;;;ASH_COATED_OSMIUM;XIRECS;9973.0;4
691200;SUBMISSION;;INTARIAN_PEPPER_ROOT;XIRECS;14686.0;7
691600;SUBMISSION;;INTARIAN_PEPPER_ROOT;XIRECS;14685.0;4
691600;;;INTARIAN_PEPPER_ROOT;XIRECS;14685.0;3
692000;;;INTARIAN_PEPPER_ROOT;XIRECS;14684.0;4
692100;;SUBMISSION;INTARIAN_PEPPER_ROOT;XIRECS;14696.0;8
692500;SUBMISSION;;INTARIAN_PEPPER_ROOT;XIRECS;14688.0;6
693900;;SUBMISSION;INTARIAN_PEPPER_ROOT;XIRECS;14698.0;3
694400;;SUBMISSION;INTARIAN_PEPPER_ROOT;XIRECS;14698.0;3
699700;;SUBMISSION;ASH_COATED_OSMIUM;XIRECS;9984.0;2
699700;;;ASH_COATED_OSMIUM;XIRECS;9984.0;4
699900;SUBMISSION;;ASH_COATED_OSMIUM;XIRECS;9991.0;2
699900;;SUBMISSION;ASH_COATED_OSMIUM;XIRECS;9990.0;6
700300;SUBMISSION;;ASH_COATED_OSMIUM;XIRECS;9990.0;6
700300;;SUBMISSION;ASH_COATED_OSMIUM;XIRECS;9989.0;6
700400;SUBMISSION;;ASH_COATED_OSMIUM;XIRECS;9991.0;6
700400;;;ASH_COATED_OSMIUM;XIRECS;9975.0;3
701000;SUBMISSION;;INTARIAN_PEPPER_ROOT;XIRECS;14696.0;4
701900;;SUBMISSION;INTARIAN_PEPPER_ROOT;XIRECS;14709.0;7
702100;;SUBMISSION;INTARIAN_PEPPER_ROOT;XIRECS;14706.0;5
702200;SUBMISSION;;INTARIAN_PEPPER_ROOT;XIRECS;14697.0;3
702800;SUBMISSION;;INTARIAN_PEPPER_ROOT;XIRECS;14696.0;5
703100;;;ASH_COATED_OSMIUM;XIRECS;9974.0;4
703900;;;ASH_COATED_OSMIUM;XIRECS;9975.0;2
704600;;SUBMISSION;INTARIAN_PEPPER_ROOT;XIRECS;14709.0;8
705100;;SUBMISSION;INTARIAN_PEPPER_ROOT;XIRECS;14709.0;7
705200;SUBMISSION;;INTARIAN_PEPPER_ROOT;XIRECS;14713.0;11
705400;;;ASH_COATED_OSMIUM;XIRECS;9976.0;7
705700;SUBMISSION;;INTARIAN_PEPPER_ROOT;XIRECS;14701.0;4
707800;;;ASH_COATED_OSMIUM;XIRECS;9975.0;5
708600;;SUBMISSION;INTARIAN_PEPPER_ROOT;XIRECS;14715.0;4
708700;;;ASH_COATED_OSMIUM;XIRECS;9975.0;6
709400;;SUBMISSION;ASH_COATED_OSMIUM;XIRECS;9985.0;6
709700;SUBMISSION;;ASH_COATED_OSMIUM;XIRECS;9991.0;6
709800;;SUBMISSION;ASH_COATED_OSMIUM;XIRECS;9986.0;9
710000;;SUBMISSION;ASH_COATED_OSMIUM;XIRECS;9985.0;6
710200;SUBMISSION;;ASH_COATED_OSMIUM;XIRECS;9991.0;11
710200;;SUBMISSION;ASH_COATED_OSMIUM;XIRECS;9993.0;8
710300;SUBMISSION;;ASH_COATED_OSMIUM;XIRECS;9985.0;4
710500;SUBMISSION;;ASH_COATED_OSMIUM;XIRECS;9991.0;8
712100;;SUBMISSION;ASH_COATED_OSMIUM;XIRECS;9990.0;5
712500;SUBMISSION;;ASH_COATED_OSMIUM;XIRECS;9991.0;5
713000;;SUBMISSION;INTARIAN_PEPPER_ROOT;XIRECS;14717.0;8
713400;;SUBMISSION;ASH_COATED_OSMIUM;XIRECS;9985.0;10
713600;SUBMISSION;;ASH_COATED_OSMIUM;XIRECS;9991.0;10
714900;;;ASH_COATED_OSMIUM;XIRECS;9980.0;5
716400;;SUBMISSION;ASH_COATED_OSMIUM;XIRECS;9986.0;6
717200;SUBMISSION;;ASH_COATED_OSMIUM;XIRECS;9986.0;2
717200;;SUBMISSION;INTARIAN_PEPPER_ROOT;XIRECS;14724.0;4
717300;SUBMISSION;;INTARIAN_PEPPER_ROOT;XIRECS;14725.0;9
717800;SUBMISSION;;ASH_COATED_OSMIUM;XIRECS;9987.0;3
719000;SUBMISSION;;ASH_COATED_OSMIUM;XIRECS;9988.0;1
720400;;SUBMISSION;ASH_COATED_OSMIUM;XIRECS;9994.0;4
721200;;SUBMISSION;ASH_COATED_OSMIUM;XIRECS;9989.0;8
721200;SUBMISSION;;INTARIAN_PEPPER_ROOT;XIRECS;14716.0;3
722300;;SUBMISSION;INTARIAN_PEPPER_ROOT;XIRECS;14726.0;4
722800;;SUBMISSION;ASH_COATED_OSMIUM;XIRECS;9988.0;7
723100;SUBMISSION;;ASH_COATED_OSMIUM;XIRECS;9979.0;6
724500;;SUBMISSION;INTARIAN_PEPPER_ROOT;XIRECS;14731.0;4
724800;SUBMISSION;;ASH_COATED_OSMIUM;XIRECS;9983.0;8
725700;SUBMISSION;;ASH_COATED_OSMIUM;XIRECS;9979.0;5
726100;SUBMISSION;;INTARIAN_PEPPER_ROOT;XIRECS;14721.0;5
726200;;;ASH_COATED_OSMIUM;XIRECS;9978.0;5
727200;;SUBMISSION;INTARIAN_PEPPER_ROOT;XIRECS;14734.0;6
727300;SUBMISSION;;INTARIAN_PEPPER_ROOT;XIRECS;14735.0;12
727400;;SUBMISSION;INTARIAN_PEPPER_ROOT;XIRECS;14734.0;3
728400;SUBMISSION;;INTARIAN_PEPPER_ROOT;XIRECS;14722.0;5
729100;;SUBMISSION;ASH_COATED_OSMIUM;XIRECS;9995.0;8
729300;SUBMISSION;;ASH_COATED_OSMIUM;XIRECS;9981.0;5
730300;SUBMISSION;;INTARIAN_PEPPER_ROOT;XIRECS;14725.0;5
730400;;SUBMISSION;ASH_COATED_OSMIUM;XIRECS;9995.0;6
730500;SUBMISSION;;ASH_COATED_OSMIUM;XIRECS;9980.0;5
731000;;SUBMISSION;ASH_COATED_OSMIUM;XIRECS;9989.0;9
731200;;SUBMISSION;ASH_COATED_OSMIUM;XIRECS;9994.0;9
731500;SUBMISSION;;ASH_COATED_OSMIUM;XIRECS;9989.0;2
732200;SUBMISSION;;ASH_COATED_OSMIUM;XIRECS;9990.0;4
732300;SUBMISSION;;ASH_COATED_OSMIUM;XIRECS;9989.0;5
733500;;SUBMISSION;INTARIAN_PEPPER_ROOT;XIRECS;14740.0;3
733700;SUBMISSION;;ASH_COATED_OSMIUM;XIRECS;9984.0;7
734800;;SUBMISSION;ASH_COATED_OSMIUM;XIRECS;9994.0;5
734900;SUBMISSION;;ASH_COATED_OSMIUM;XIRECS;9980.0;5
735100;SUBMISSION;;INTARIAN_PEPPER_ROOT;XIRECS;14730.0;3
736500;;SUBMISSION;ASH_COATED_OSMIUM;XIRECS;9994.0;5
737500;;SUBMISSION;INTARIAN_PEPPER_ROOT;XIRECS;14741.0;3
737600;SUBMISSION;;INTARIAN_PEPPER_ROOT;XIRECS;14733.0;5
739200;;SUBMISSION;ASH_COATED_OSMIUM;XIRECS;9996.0;6
739500;SUBMISSION;;ASH_COATED_OSMIUM;XIRECS;9982.0;10
739900;;SUBMISSION;INTARIAN_PEPPER_ROOT;XIRECS;14744.0;4
740300;;SUBMISSION;INTARIAN_PEPPER_ROOT;XIRECS;14744.0;7
740500;;SUBMISSION;ASH_COATED_OSMIUM;XIRECS;9991.0;8
742000;;SUBMISSION;ASH_COATED_OSMIUM;XIRECS;9997.0;5
742000;SUBMISSION;;INTARIAN_PEPPER_ROOT;XIRECS;14737.0;8
743500;SUBMISSION;;ASH_COATED_OSMIUM;XIRECS;9984.0;4
745200;SUBMISSION;;ASH_COATED_OSMIUM;XIRECS;9984.0;6
745700;SUBMISSION;;ASH_COATED_OSMIUM;XIRECS;9985.0;4
746000;SUBMISSION;;ASH_COATED_OSMIUM;XIRECS;9994.0;3
746100;;SUBMISSION;ASH_COATED_OSMIUM;XIRECS;9999.0;8
747500;SUBMISSION;;ASH_COATED_OSMIUM;XIRECS;9996.0;5
748300;SUBMISSION;;ASH_COATED_OSMIUM;XIRECS;9995.0;2
748300;;;INTARIAN_PEPPER_ROOT;XIRECS;14751.0;5
748900;SUBMISSION;;ASH_COATED_OSMIUM;XIRECS;9996.0;2
750200;;;ASH_COATED_OSMIUM;XIRECS;9991.0;4
751300;SUBMISSION;;INTARIAN_PEPPER_ROOT;XIRECS;14746.0;3
751900;;SUBMISSION;ASH_COATED_OSMIUM;XIRECS;10001.0;4
752000;SUBMISSION;;ASH_COATED_OSMIUM;XIRECS;9991.0;4
752900;;SUBMISSION;INTARIAN_PEPPER_ROOT;XIRECS;14760.0;7
753100;;SUBMISSION;ASH_COATED_OSMIUM;XIRECS;9997.0;9
753700;SUBMISSION;;ASH_COATED_OSMIUM;XIRECS;9996.0;3
753700;;SUBMISSION;ASH_COATED_OSMIUM;XIRECS;10001.0;4
754000;;SUBMISSION;ASH_COATED_OSMIUM;XIRECS;10002.0;5
755100;SUBMISSION;;ASH_COATED_OSMIUM;XIRECS;9993.0;4
755500;;SUBMISSION;ASH_COATED_OSMIUM;XIRECS;10003.0;4
755500;SUBMISSION;;INTARIAN_PEPPER_ROOT;XIRECS;14749.0;7
755700;;SUBMISSION;INTARIAN_PEPPER_ROOT;XIRECS;14763.0;3
756000;SUBMISSION;;INTARIAN_PEPPER_ROOT;XIRECS;14751.0;3
756200;SUBMISSION;;ASH_COATED_OSMIUM;XIRECS;9989.0;6
756600;SUBMISSION;;ASH_COATED_OSMIUM;XIRECS;9989.0;9
756900;;;ASH_COATED_OSMIUM;XIRECS;9988.0;5
757200;;;ASH_COATED_OSMIUM;XIRECS;9988.0;9
758100;;SUBMISSION;ASH_COATED_OSMIUM;XIRECS;9997.0;5
758300;SUBMISSION;;ASH_COATED_OSMIUM;XIRECS;9989.0;5
761800;;;INTARIAN_PEPPER_ROOT;XIRECS;14757.0;7
762800;;SUBMISSION;INTARIAN_PEPPER_ROOT;XIRECS;14767.0;6
763000;;SUBMISSION;INTARIAN_PEPPER_ROOT;XIRECS;14770.0;4
763600;;SUBMISSION;INTARIAN_PEPPER_ROOT;XIRECS;14770.0;6
763700;;;ASH_COATED_OSMIUM;XIRECS;9982.0;6
763900;;;ASH_COATED_OSMIUM;XIRECS;9983.0;8
764300;SUBMISSION;;INTARIAN_PEPPER_ROOT;XIRECS;14757.0;5
766000;;SUBMISSION;INTARIAN_PEPPER_ROOT;XIRECS;14770.0;4
767000;;SUBMISSION;ASH_COATED_OSMIUM;XIRECS;9995.0;9
768500;SUBMISSION;;ASH_COATED_OSMIUM;XIRECS;9985.0;5
770100;SUBMISSION;;INTARIAN_PEPPER_ROOT;XIRECS;14763.0;4
771800;;SUBMISSION;ASH_COATED_OSMIUM;XIRECS;9992.0;9
771800;;SUBMISSION;INTARIAN_PEPPER_ROOT;XIRECS;14776.0;6
773400;;SUBMISSION;ASH_COATED_OSMIUM;XIRECS;9994.0;8
773800;SUBMISSION;;INTARIAN_PEPPER_ROOT;XIRECS;14769.0;8
775000;SUBMISSION;;ASH_COATED_OSMIUM;XIRECS;9990.0;5
775000;;;ASH_COATED_OSMIUM;XIRECS;9990.0;4
775100;SUBMISSION;;ASH_COATED_OSMIUM;XIRECS;9990.0;9
775500;;SUBMISSION;INTARIAN_PEPPER_ROOT;XIRECS;14779.0;7
776800;SUBMISSION;;INTARIAN_PEPPER_ROOT;XIRECS;14770.0;6
777000;SUBMISSION;;INTARIAN_PEPPER_ROOT;XIRECS;14770.0;5
777200;;SUBMISSION;ASH_COATED_OSMIUM;XIRECS;9998.0;10
778500;SUBMISSION;;ASH_COATED_OSMIUM;XIRECS;9989.0;7
779700;SUBMISSION;;ASH_COATED_OSMIUM;XIRECS;9987.0;6
779700;;SUBMISSION;INTARIAN_PEPPER_ROOT;XIRECS;14784.0;4
779900;;SUBMISSION;ASH_COATED_OSMIUM;XIRECS;9998.0;2
781100;;SUBMISSION;INTARIAN_PEPPER_ROOT;XIRECS;14785.0;7
781500;SUBMISSION;;INTARIAN_PEPPER_ROOT;XIRECS;14777.0;7
781900;SUBMISSION;;INTARIAN_PEPPER_ROOT;XIRECS;14777.0;5
782300;SUBMISSION;;ASH_COATED_OSMIUM;XIRECS;9986.0;4
782500;;SUBMISSION;ASH_COATED_OSMIUM;XIRECS;9996.0;7
783300;SUBMISSION;;INTARIAN_PEPPER_ROOT;XIRECS;14776.0;4
783900;SUBMISSION;;ASH_COATED_OSMIUM;XIRECS;9990.0;5
784800;SUBMISSION;;ASH_COATED_OSMIUM;XIRECS;9986.0;4
785100;;;INTARIAN_PEPPER_ROOT;XIRECS;14777.0;3
787000;;SUBMISSION;INTARIAN_PEPPER_ROOT;XIRECS;14791.0;6
787300;SUBMISSION;;INTARIAN_PEPPER_ROOT;XIRECS;14780.0;4
788000;;SUBMISSION;ASH_COATED_OSMIUM;XIRECS;9996.0;5
789500;SUBMISSION;;ASH_COATED_OSMIUM;XIRECS;9983.0;2
791700;SUBMISSION;;ASH_COATED_OSMIUM;XIRECS;9986.0;3
791700;SUBMISSION;;INTARIAN_PEPPER_ROOT;XIRECS;14787.0;2
791700;;;INTARIAN_PEPPER_ROOT;XIRECS;14787.0;4
792300;;SUBMISSION;ASH_COATED_OSMIUM;XIRECS;9999.0;10
793700;;SUBMISSION;ASH_COATED_OSMIUM;XIRECS;9999.0;10
793700;;SUBMISSION;INTARIAN_PEPPER_ROOT;XIRECS;14801.0;4
794000;SUBMISSION;;ASH_COATED_OSMIUM;XIRECS;9989.0;5
795600;;SUBMISSION;ASH_COATED_OSMIUM;XIRECS;9993.0;6
796100;;SUBMISSION;INTARIAN_PEPPER_ROOT;XIRECS;14800.0;5
796300;SUBMISSION;;ASH_COATED_OSMIUM;XIRECS;9984.0;4
796300;SUBMISSION;;INTARIAN_PEPPER_ROOT;XIRECS;14789.0;5
796600;;SUBMISSION;INTARIAN_PEPPER_ROOT;XIRECS;14801.0;7
798400;;SUBMISSION;INTARIAN_PEPPER_ROOT;XIRECS;14805.0;5
798700;SUBMISSION;;ASH_COATED_OSMIUM;XIRECS;9994.0;5
798900;;SUBMISSION;INTARIAN_PEPPER_ROOT;XIRECS;14803.0;8
799000;SUBMISSION;;INTARIAN_PEPPER_ROOT;XIRECS;14801.0;8
800300;SUBMISSION;;ASH_COATED_OSMIUM;XIRECS;9995.0;3
801100;SUBMISSION;;ASH_COATED_OSMIUM;XIRECS;9991.0;6
802000;SUBMISSION;;ASH_COATED_OSMIUM;XIRECS;9994.0;3
802000;;SUBMISSION;ASH_COATED_OSMIUM;XIRECS;9994.0;6
802000;;;ASH_COATED_OSMIUM;XIRECS;9994.0;2
802400;SUBMISSION;;ASH_COATED_OSMIUM;XIRECS;9990.0;6
802400;;;ASH_COATED_OSMIUM;XIRECS;9990.0;3
802600;SUBMISSION;;INTARIAN_PEPPER_ROOT;XIRECS;14798.0;7
803000;;SUBMISSION;INTARIAN_PEPPER_ROOT;XIRECS;14807.0;3
803100;;SUBMISSION;ASH_COATED_OSMIUM;XIRECS;10000.0;5
803300;SUBMISSION;;ASH_COATED_OSMIUM;XIRECS;9994.0;4
805000;;SUBMISSION;ASH_COATED_OSMIUM;XIRECS;9998.0;6
805000;;SUBMISSION;INTARIAN_PEPPER_ROOT;XIRECS;14809.0;3
805200;SUBMISSION;;ASH_COATED_OSMIUM;XIRECS;9989.0;6
805400;SUBMISSION;;ASH_COATED_OSMIUM;XIRECS;9989.0;1
805800;;;ASH_COATED_OSMIUM;XIRECS;9983.0;2
806100;SUBMISSION;;INTARIAN_PEPPER_ROOT;XIRECS;14799.0;7
806200;;;INTARIAN_PEPPER_ROOT;XIRECS;14809.0;3
807300;;SUBMISSION;INTARIAN_PEPPER_ROOT;XIRECS;14811.0;6
809500;;;ASH_COATED_OSMIUM;XIRECS;9991.0;4
810000;;SUBMISSION;INTARIAN_PEPPER_ROOT;XIRECS;14814.0;5
810500;;SUBMISSION;ASH_COATED_OSMIUM;XIRECS;9999.0;2
810800;SUBMISSION;;INTARIAN_PEPPER_ROOT;XIRECS;14806.0;5
811100;SUBMISSION;;ASH_COATED_OSMIUM;XIRECS;9992.0;2
811700;SUBMISSION;;INTARIAN_PEPPER_ROOT;XIRECS;14805.0;6
812300;SUBMISSION;;INTARIAN_PEPPER_ROOT;XIRECS;14807.0;8
812600;;SUBMISSION;INTARIAN_PEPPER_ROOT;XIRECS;14817.0;5
813000;SUBMISSION;;INTARIAN_PEPPER_ROOT;XIRECS;14806.0;3
813500;SUBMISSION;;INTARIAN_PEPPER_ROOT;XIRECS;14809.0;2
815400;;SUBMISSION;ASH_COATED_OSMIUM;XIRECS;9998.0;4
815900;;SUBMISSION;INTARIAN_PEPPER_ROOT;XIRECS;14820.0;3
817000;SUBMISSION;;ASH_COATED_OSMIUM;XIRECS;9992.0;4
819500;SUBMISSION;;INTARIAN_PEPPER_ROOT;XIRECS;14815.0;3
821100;;SUBMISSION;ASH_COATED_OSMIUM;XIRECS;9996.0;8
822500;;SUBMISSION;INTARIAN_PEPPER_ROOT;XIRECS;14826.0;5
823200;SUBMISSION;;ASH_COATED_OSMIUM;XIRECS;9989.0;5
823200;;SUBMISSION;ASH_COATED_OSMIUM;XIRECS;9995.0;6
823500;;SUBMISSION;INTARIAN_PEPPER_ROOT;XIRECS;14827.0;8
824100;SUBMISSION;;ASH_COATED_OSMIUM;XIRECS;9988.0;5
825200;;SUBMISSION;INTARIAN_PEPPER_ROOT;XIRECS;14829.0;4
825600;;SUBMISSION;INTARIAN_PEPPER_ROOT;XIRECS;14830.0;6
825700;SUBMISSION;;INTARIAN_PEPPER_ROOT;XIRECS;14834.0;9
825700;;SUBMISSION;INTARIAN_PEPPER_ROOT;XIRECS;14830.0;6
827500;SUBMISSION;;ASH_COATED_OSMIUM;XIRECS;9991.0;4
827900;;SUBMISSION;INTARIAN_PEPPER_ROOT;XIRECS;14832.0;3
828000;SUBMISSION;;INTARIAN_PEPPER_ROOT;XIRECS;14836.0;10
828400;;SUBMISSION;INTARIAN_PEPPER_ROOT;XIRECS;14832.0;3
829600;SUBMISSION;;INTARIAN_PEPPER_ROOT;XIRECS;14823.0;7
829800;;SUBMISSION;INTARIAN_PEPPER_ROOT;XIRECS;14834.0;7
831300;;SUBMISSION;INTARIAN_PEPPER_ROOT;XIRECS;14835.0;3
832700;;;ASH_COATED_OSMIUM;XIRECS;9980.0;5
833100;SUBMISSION;;INTARIAN_PEPPER_ROOT;XIRECS;14826.0;7
833200;SUBMISSION;;INTARIAN_PEPPER_ROOT;XIRECS;14826.0;3
833700;;SUBMISSION;INTARIAN_PEPPER_ROOT;XIRECS;14838.0;5
833900;;SUBMISSION;ASH_COATED_OSMIUM;XIRECS;9989.0;4
835200;SUBMISSION;;ASH_COATED_OSMIUM;XIRECS;9986.0;4
835700;;SUBMISSION;ASH_COATED_OSMIUM;XIRECS;9996.0;8
836500;SUBMISSION;;INTARIAN_PEPPER_ROOT;XIRECS;14832.0;4
836800;SUBMISSION;;ASH_COATED_OSMIUM;XIRECS;9981.0;7
837100;;SUBMISSION;INTARIAN_PEPPER_ROOT;XIRECS;14844.0;3
837200;SUBMISSION;;ASH_COATED_OSMIUM;XIRECS;9985.0;1
839300;;SUBMISSION;INTARIAN_PEPPER_ROOT;XIRECS;14846.0;6
839500;;SUBMISSION;ASH_COATED_OSMIUM;XIRECS;9992.0;4
839800;;SUBMISSION;ASH_COATED_OSMIUM;XIRECS;9986.0;7
840900;SUBMISSION;;INTARIAN_PEPPER_ROOT;XIRECS;14836.0;8
841100;SUBMISSION;;ASH_COATED_OSMIUM;XIRECS;9983.0;10
841500;SUBMISSION;;ASH_COATED_OSMIUM;XIRECS;9978.0;1
842700;SUBMISSION;;INTARIAN_PEPPER_ROOT;XIRECS;14836.0;3
842800;;SUBMISSION;ASH_COATED_OSMIUM;XIRECS;9992.0;5
843000;SUBMISSION;;ASH_COATED_OSMIUM;XIRECS;9986.0;5
843100;;;ASH_COATED_OSMIUM;XIRECS;9976.0;5
843200;;;ASH_COATED_OSMIUM;XIRECS;9976.0;4
844300;;SUBMISSION;INTARIAN_PEPPER_ROOT;XIRECS;14848.0;7
844800;SUBMISSION;;INTARIAN_PEPPER_ROOT;XIRECS;14840.0;5
845100;;SUBMISSION;ASH_COATED_OSMIUM;XIRECS;9990.0;3
845200;SUBMISSION;;ASH_COATED_OSMIUM;XIRECS;9990.0;3
845400;;SUBMISSION;ASH_COATED_OSMIUM;XIRECS;9989.0;3
845400;SUBMISSION;;INTARIAN_PEPPER_ROOT;XIRECS;14840.0;7
845500;SUBMISSION;;ASH_COATED_OSMIUM;XIRECS;9990.0;3
846000;SUBMISSION;;INTARIAN_PEPPER_ROOT;XIRECS;14839.0;3
846100;;SUBMISSION;ASH_COATED_OSMIUM;XIRECS;9984.0;6
846200;SUBMISSION;;ASH_COATED_OSMIUM;XIRECS;9990.0;6
846500;;SUBMISSION;INTARIAN_PEPPER_ROOT;XIRECS;14853.0;6
846700;;SUBMISSION;ASH_COATED_OSMIUM;XIRECS;9988.0;2
846800;SUBMISSION;;ASH_COATED_OSMIUM;XIRECS;9989.0;2
847000;;SUBMISSION;INTARIAN_PEPPER_ROOT;XIRECS;14854.0;5
847300;;SUBMISSION;ASH_COATED_OSMIUM;XIRECS;9989.0;5
847500;SUBMISSION;;ASH_COATED_OSMIUM;XIRECS;9990.0;5
847500;;SUBMISSION;ASH_COATED_OSMIUM;XIRECS;9989.0;8
847600;SUBMISSION;;ASH_COATED_OSMIUM;XIRECS;9990.0;8
847800;;;ASH_COATED_OSMIUM;XIRECS;9975.0;7
848300;;SUBMISSION;INTARIAN_PEPPER_ROOT;XIRECS;14852.0;7
848300;;;ASH_COATED_OSMIUM;XIRECS;9976.0;5
850300;;SUBMISSION;ASH_COATED_OSMIUM;XIRECS;9988.0;10
851600;;SUBMISSION;ASH_COATED_OSMIUM;XIRECS;9996.0;6
852100;SUBMISSION;;ASH_COATED_OSMIUM;XIRECS;9981.0;3
852300;SUBMISSION;;ASH_COATED_OSMIUM;XIRECS;9981.0;3
854100;;SUBMISSION;INTARIAN_PEPPER_ROOT;XIRECS;14861.0;3
854200;SUBMISSION;;ASH_COATED_OSMIUM;XIRECS;9989.0;3
854200;SUBMISSION;;INTARIAN_PEPPER_ROOT;XIRECS;14862.0;12
855500;SUBMISSION;;ASH_COATED_OSMIUM;XIRECS;9983.0;7
857500;SUBMISSION;;INTARIAN_PEPPER_ROOT;XIRECS;14851.0;4
858300;SUBMISSION;;INTARIAN_PEPPER_ROOT;XIRECS;14851.0;5
859500;;;ASH_COATED_OSMIUM;XIRECS;9978.0;4
861000;;;INTARIAN_PEPPER_ROOT;XIRECS;14856.0;4
861600;;;ASH_COATED_OSMIUM;XIRECS;9982.0;2
861700;;;INTARIAN_PEPPER_ROOT;XIRECS;14854.0;7
861900;;SUBMISSION;ASH_COATED_OSMIUM;XIRECS;9987.0;6
862400;SUBMISSION;;ASH_COATED_OSMIUM;XIRECS;9982.0;5
863200;SUBMISSION;;ASH_COATED_OSMIUM;XIRECS;9987.0;1
863200;;SUBMISSION;INTARIAN_PEPPER_ROOT;XIRECS;14867.0;3
864300;SUBMISSION;;INTARIAN_PEPPER_ROOT;XIRECS;14859.0;3
864800;;SUBMISSION;ASH_COATED_OSMIUM;XIRECS;9990.0;8
865000;SUBMISSION;;ASH_COATED_OSMIUM;XIRECS;9976.0;6
865200;SUBMISSION;;ASH_COATED_OSMIUM;XIRECS;9991.0;2
867600;;;ASH_COATED_OSMIUM;XIRECS;9976.0;3
868100;;SUBMISSION;ASH_COATED_OSMIUM;XIRECS;9985.0;7
868200;SUBMISSION;;ASH_COATED_OSMIUM;XIRECS;9986.0;2
869800;;SUBMISSION;INTARIAN_PEPPER_ROOT;XIRECS;14877.0;7
870700;;SUBMISSION;ASH_COATED_OSMIUM;XIRECS;9992.0;5
871200;SUBMISSION;;ASH_COATED_OSMIUM;XIRECS;9981.0;8
871300;SUBMISSION;;ASH_COATED_OSMIUM;XIRECS;9977.0;2
871500;;SUBMISSION;ASH_COATED_OSMIUM;XIRECS;9990.0;2
871900;SUBMISSION;;ASH_COATED_OSMIUM;XIRECS;9991.0;2
872000;;SUBMISSION;ASH_COATED_OSMIUM;XIRECS;9985.0;10
872300;SUBMISSION;;ASH_COATED_OSMIUM;XIRECS;9991.0;10
874000;;;ASH_COATED_OSMIUM;XIRECS;9982.0;3
874800;SUBMISSION;;INTARIAN_PEPPER_ROOT;XIRECS;14870.0;7
875400;;;ASH_COATED_OSMIUM;XIRECS;9979.0;5
875600;;;INTARIAN_PEPPER_ROOT;XIRECS;14868.0;3
875900;;SUBMISSION;ASH_COATED_OSMIUM;XIRECS;9988.0;7
877500;;SUBMISSION;ASH_COATED_OSMIUM;XIRECS;9985.0;4
877600;SUBMISSION;;ASH_COATED_OSMIUM;XIRECS;9991.0;10
877700;SUBMISSION;;ASH_COATED_OSMIUM;XIRECS;9991.0;1
877800;;SUBMISSION;INTARIAN_PEPPER_ROOT;XIRECS;14885.0;6
877900;;;ASH_COATED_OSMIUM;XIRECS;9974.0;7
878000;;SUBMISSION;ASH_COATED_OSMIUM;XIRECS;9989.0;5
878000;SUBMISSION;;INTARIAN_PEPPER_ROOT;XIRECS;14873.0;4
878100;SUBMISSION;;ASH_COATED_OSMIUM;XIRECS;9990.0;5
880600;;;ASH_COATED_OSMIUM;XIRECS;9974.0;4
881200;;SUBMISSION;INTARIAN_PEPPER_ROOT;XIRECS;14885.0;4
881400;;SUBMISSION;ASH_COATED_OSMIUM;XIRECS;9984.0;9
881500;SUBMISSION;;ASH_COATED_OSMIUM;XIRECS;9991.0;9
883000;SUBMISSION;;INTARIAN_PEPPER_ROOT;XIRECS;14878.0;4
883500;SUBMISSION;;INTARIAN_PEPPER_ROOT;XIRECS;14877.0;2
883500;;;INTARIAN_PEPPER_ROOT;XIRECS;14877.0;3
886000;;SUBMISSION;INTARIAN_PEPPER_ROOT;XIRECS;14890.0;3
887000;;SUBMISSION;INTARIAN_PEPPER_ROOT;XIRECS;14891.0;4
887600;;SUBMISSION;ASH_COATED_OSMIUM;XIRECS;9983.0;9
887700;SUBMISSION;;ASH_COATED_OSMIUM;XIRECS;9990.0;9
887700;;SUBMISSION;ASH_COATED_OSMIUM;XIRECS;9989.0;6
887700;SUBMISSION;;INTARIAN_PEPPER_ROOT;XIRECS;14881.0;4
887800;SUBMISSION;;ASH_COATED_OSMIUM;XIRECS;9990.0;6
889100;;SUBMISSION;INTARIAN_PEPPER_ROOT;XIRECS;14896.0;4
889900;SUBMISSION;;INTARIAN_PEPPER_ROOT;XIRECS;14885.0;3
891000;;SUBMISSION;INTARIAN_PEPPER_ROOT;XIRECS;14898.0;7
891400;;SUBMISSION;INTARIAN_PEPPER_ROOT;XIRECS;14895.0;4
891800;;SUBMISSION;INTARIAN_PEPPER_ROOT;XIRECS;14896.0;7
891900;SUBMISSION;;INTARIAN_PEPPER_ROOT;XIRECS;14900.0;11
892900;;SUBMISSION;ASH_COATED_OSMIUM;XIRECS;9991.0;8
892900;;SUBMISSION;INTARIAN_PEPPER_ROOT;XIRECS;14897.0;5
893000;SUBMISSION;;ASH_COATED_OSMIUM;XIRECS;9977.0;4
894000;SUBMISSION;;ASH_COATED_OSMIUM;XIRECS;9987.0;4
894900;;SUBMISSION;ASH_COATED_OSMIUM;XIRECS;9988.0;5
895100;SUBMISSION;;ASH_COATED_OSMIUM;XIRECS;9987.0;2
895300;SUBMISSION;;ASH_COATED_OSMIUM;XIRECS;9987.0;2
896600;SUBMISSION;;ASH_COATED_OSMIUM;XIRECS;9989.0;1
898100;SUBMISSION;;INTARIAN_PEPPER_ROOT;XIRECS;14893.0;8
898200;;SUBMISSION;ASH_COATED_OSMIUM;XIRECS;9988.0;7
899100;;SUBMISSION;ASH_COATED_OSMIUM;XIRECS;9988.0;7
899200;;SUBMISSION;ASH_COATED_OSMIUM;XIRECS;9993.0;5
899300;;SUBMISSION;INTARIAN_PEPPER_ROOT;XIRECS;14906.0;6
900000;SUBMISSION;;ASH_COATED_OSMIUM;XIRECS;9984.0;10
900500;SUBMISSION;;INTARIAN_PEPPER_ROOT;XIRECS;14896.0;3
901000;SUBMISSION;;INTARIAN_PEPPER_ROOT;XIRECS;14896.0;8
901500;;SUBMISSION;ASH_COATED_OSMIUM;XIRECS;9989.0;6
901500;;SUBMISSION;ASH_COATED_OSMIUM;XIRECS;9994.0;8
901700;SUBMISSION;;ASH_COATED_OSMIUM;XIRECS;9980.0;3
901700;;SUBMISSION;INTARIAN_PEPPER_ROOT;XIRECS;14906.0;4
901800;SUBMISSION;;ASH_COATED_OSMIUM;XIRECS;9988.0;2
901800;SUBMISSION;;INTARIAN_PEPPER_ROOT;XIRECS;14897.0;7
901900;;SUBMISSION;ASH_COATED_OSMIUM;XIRECS;9988.0;7
904000;;SUBMISSION;INTARIAN_PEPPER_ROOT;XIRECS;14908.0;5
904500;;SUBMISSION;ASH_COATED_OSMIUM;XIRECS;9994.0;3
904900;SUBMISSION;;ASH_COATED_OSMIUM;XIRECS;9981.0;4
904900;;SUBMISSION;INTARIAN_PEPPER_ROOT;XIRECS;14912.0;5
905000;SUBMISSION;;ASH_COATED_OSMIUM;XIRECS;9981.0;10
905700;;SUBMISSION;ASH_COATED_OSMIUM;XIRECS;9995.0;5
906000;;SUBMISSION;ASH_COATED_OSMIUM;XIRECS;9990.0;5
906500;;SUBMISSION;INTARIAN_PEPPER_ROOT;XIRECS;14910.0;7
906700;SUBMISSION;;ASH_COATED_OSMIUM;XIRECS;9985.0;6
906800;SUBMISSION;;ASH_COATED_OSMIUM;XIRECS;9985.0;6
907400;;SUBMISSION;INTARIAN_PEPPER_ROOT;XIRECS;14914.0;6
907500;SUBMISSION;;INTARIAN_PEPPER_ROOT;XIRECS;14915.0;11
907500;;;INTARIAN_PEPPER_ROOT;XIRECS;14919.0;7
909200;SUBMISSION;;ASH_COATED_OSMIUM;XIRECS;9981.0;4
909900;;SUBMISSION;ASH_COATED_OSMIUM;XIRECS;9996.0;8
910100;;SUBMISSION;ASH_COATED_OSMIUM;XIRECS;9990.0;5
910800;SUBMISSION;;INTARIAN_PEPPER_ROOT;XIRECS;14904.0;5
911000;;SUBMISSION;ASH_COATED_OSMIUM;XIRECS;9995.0;2
911800;SUBMISSION;;ASH_COATED_OSMIUM;XIRECS;9988.0;5
912200;;SUBMISSION;ASH_COATED_OSMIUM;XIRECS;9993.0;3
912400;;SUBMISSION;INTARIAN_PEPPER_ROOT;XIRECS;14919.0;7
913100;;SUBMISSION;ASH_COATED_OSMIUM;XIRECS;9987.0;7
914600;;SUBMISSION;INTARIAN_PEPPER_ROOT;XIRECS;14919.0;8
914700;SUBMISSION;;INTARIAN_PEPPER_ROOT;XIRECS;14923.0;10
914700;;;INTARIAN_PEPPER_ROOT;XIRECS;14926.0;5
915300;SUBMISSION;;ASH_COATED_OSMIUM;XIRECS;9983.0;10
915400;SUBMISSION;;INTARIAN_PEPPER_ROOT;XIRECS;14910.0;7
917500;SUBMISSION;;ASH_COATED_OSMIUM;XIRECS;9983.0;8
917900;;SUBMISSION;ASH_COATED_OSMIUM;XIRECS;9993.0;5
918400;;SUBMISSION;INTARIAN_PEPPER_ROOT;XIRECS;14925.0;7
918800;SUBMISSION;;ASH_COATED_OSMIUM;XIRECS;9984.0;4
918800;SUBMISSION;;ASH_COATED_OSMIUM;XIRECS;9979.0;3
918800;;SUBMISSION;INTARIAN_PEPPER_ROOT;XIRECS;14923.0;8
919800;SUBMISSION;;ASH_COATED_OSMIUM;XIRECS;9987.0;4
920300;;SUBMISSION;INTARIAN_PEPPER_ROOT;XIRECS;14927.0;4
920400;SUBMISSION;;INTARIAN_PEPPER_ROOT;XIRECS;14928.0;11
920500;;SUBMISSION;ASH_COATED_OSMIUM;XIRECS;9992.0;3
920600;SUBMISSION;;ASH_COATED_OSMIUM;XIRECS;9987.0;2
920900;;SUBMISSION;INTARIAN_PEPPER_ROOT;XIRECS;14928.0;5
921200;;SUBMISSION;ASH_COATED_OSMIUM;XIRECS;9992.0;10
921600;;SUBMISSION;ASH_COATED_OSMIUM;XIRECS;9986.0;9
922100;SUBMISSION;;ASH_COATED_OSMIUM;XIRECS;9991.0;12
922100;;SUBMISSION;INTARIAN_PEPPER_ROOT;XIRECS;14926.0;4
922200;SUBMISSION;;ASH_COATED_OSMIUM;XIRECS;9991.0;10
922200;SUBMISSION;;INTARIAN_PEPPER_ROOT;XIRECS;14930.0;12
922500;SUBMISSION;;ASH_COATED_OSMIUM;XIRECS;9984.0;2
922500;;SUBMISSION;INTARIAN_PEPPER_ROOT;XIRECS;14929.0;3
922600;SUBMISSION;;INTARIAN_PEPPER_ROOT;XIRECS;14916.0;7
923300;;;ASH_COATED_OSMIUM;XIRECS;9975.0;3
923800;;SUBMISSION;ASH_COATED_OSMIUM;XIRECS;9984.0;6
923800;;;ASH_COATED_OSMIUM;XIRECS;9984.0;4
923900;SUBMISSION;;ASH_COATED_OSMIUM;XIRECS;9990.0;6
924100;SUBMISSION;;INTARIAN_PEPPER_ROOT;XIRECS;14919.0;6
925700;;SUBMISSION;ASH_COATED_OSMIUM;XIRECS;9984.0;10
925900;SUBMISSION;;ASH_COATED_OSMIUM;XIRECS;9990.0;10
927200;;SUBMISSION;INTARIAN_PEPPER_ROOT;XIRECS;14931.0;3
928100;;;ASH_COATED_OSMIUM;XIRECS;9974.0;3
928700;;;ASH_COATED_OSMIUM;XIRECS;9975.0;4
929100;SUBMISSION;;INTARIAN_PEPPER_ROOT;XIRECS;14924.0;3
929300;;SUBMISSION;ASH_COATED_OSMIUM;XIRECS;9989.0;2
929700;SUBMISSION;;ASH_COATED_OSMIUM;XIRECS;9991.0;2
929900;;SUBMISSION;INTARIAN_PEPPER_ROOT;XIRECS;14934.0;7
930600;;;ASH_COATED_OSMIUM;XIRECS;9974.0;6
932600;;SUBMISSION;ASH_COATED_OSMIUM;XIRECS;9990.0;10
932800;SUBMISSION;;ASH_COATED_OSMIUM;XIRECS;9991.0;10
933200;SUBMISSION;;INTARIAN_PEPPER_ROOT;XIRECS;14928.0;6
933500;;SUBMISSION;INTARIAN_PEPPER_ROOT;XIRECS;14940.0;6
933900;;SUBMISSION;ASH_COATED_OSMIUM;XIRECS;9989.0;3
934000;SUBMISSION;;ASH_COATED_OSMIUM;XIRECS;9990.0;3
934300;SUBMISSION;;INTARIAN_PEPPER_ROOT;XIRECS;14929.0;7
934400;;SUBMISSION;ASH_COATED_OSMIUM;XIRECS;9985.0;6
934500;SUBMISSION;;ASH_COATED_OSMIUM;XIRECS;9991.0;6
935900;;;ASH_COATED_OSMIUM;XIRECS;9977.0;8
936600;;;INTARIAN_PEPPER_ROOT;XIRECS;14932.0;8
937800;;SUBMISSION;ASH_COATED_OSMIUM;XIRECS;9987.0;10
937900;;;INTARIAN_PEPPER_ROOT;XIRECS;14930.0;6
938700;;SUBMISSION;ASH_COATED_OSMIUM;XIRECS;9991.0;2
939200;;SUBMISSION;ASH_COATED_OSMIUM;XIRECS;9992.0;6
939500;;SUBMISSION;ASH_COATED_OSMIUM;XIRECS;9992.0;9
939800;SUBMISSION;;ASH_COATED_OSMIUM;XIRECS;9987.0;2
940000;;SUBMISSION;ASH_COATED_OSMIUM;XIRECS;9988.0;5
941000;SUBMISSION;;ASH_COATED_OSMIUM;XIRECS;9985.0;4
941900;;SUBMISSION;ASH_COATED_OSMIUM;XIRECS;9989.0;10
942700;;;INTARIAN_PEPPER_ROOT;XIRECS;14938.0;3
942800;;SUBMISSION;INTARIAN_PEPPER_ROOT;XIRECS;14947.0;4
943100;;SUBMISSION;ASH_COATED_OSMIUM;XIRECS;9987.0;4
945100;;SUBMISSION;ASH_COATED_OSMIUM;XIRECS;9986.0;8
945100;;SUBMISSION;INTARIAN_PEPPER_ROOT;XIRECS;14949.0;8
945400;;SUBMISSION;INTARIAN_PEPPER_ROOT;XIRECS;14949.0;3
945700;SUBMISSION;;ASH_COATED_OSMIUM;XIRECS;9986.0;3
946100;SUBMISSION;;ASH_COATED_OSMIUM;XIRECS;9977.0;10
947400;;SUBMISSION;ASH_COATED_OSMIUM;XIRECS;9985.0;8
947700;SUBMISSION;;ASH_COATED_OSMIUM;XIRECS;9980.0;6
947800;SUBMISSION;;INTARIAN_PEPPER_ROOT;XIRECS;14941.0;6
947900;SUBMISSION;;INTARIAN_PEPPER_ROOT;XIRECS;14943.0;5
948000;SUBMISSION;;ASH_COATED_OSMIUM;XIRECS;9990.0;13
948000;;SUBMISSION;INTARIAN_PEPPER_ROOT;XIRECS;14955.0;6
948300;SUBMISSION;;ASH_COATED_OSMIUM;XIRECS;9990.0;10
948400;;SUBMISSION;ASH_COATED_OSMIUM;XIRECS;9990.0;7
948500;SUBMISSION;;ASH_COATED_OSMIUM;XIRECS;9984.0;4
948600;SUBMISSION;;ASH_COATED_OSMIUM;XIRECS;9990.0;13
948800;SUBMISSION;;ASH_COATED_OSMIUM;XIRECS;9990.0;4
948800;;SUBMISSION;INTARIAN_PEPPER_ROOT;XIRECS;14953.0;7
948900;;SUBMISSION;INTARIAN_PEPPER_ROOT;XIRECS;14953.0;5
949000;SUBMISSION;;INTARIAN_PEPPER_ROOT;XIRECS;14957.0;10
949200;;SUBMISSION;ASH_COATED_OSMIUM;XIRECS;9989.0;2
949300;SUBMISSION;;ASH_COATED_OSMIUM;XIRECS;9980.0;2
949700;;SUBMISSION;INTARIAN_PEPPER_ROOT;XIRECS;14957.0;4
953900;;SUBMISSION;ASH_COATED_OSMIUM;XIRECS;9982.0;7
954000;SUBMISSION;;ASH_COATED_OSMIUM;XIRECS;9989.0;7
954300;;SUBMISSION;ASH_COATED_OSMIUM;XIRECS;9982.0;8
954400;SUBMISSION;;ASH_COATED_OSMIUM;XIRECS;9989.0;8
955900;SUBMISSION;;INTARIAN_PEPPER_ROOT;XIRECS;14951.0;6
956200;;;ASH_COATED_OSMIUM;XIRECS;9973.0;3
956800;;SUBMISSION;ASH_COATED_OSMIUM;XIRECS;9982.0;7
956900;SUBMISSION;;ASH_COATED_OSMIUM;XIRECS;9989.0;7
957400;SUBMISSION;;INTARIAN_PEPPER_ROOT;XIRECS;14952.0;5
957900;;SUBMISSION;INTARIAN_PEPPER_ROOT;XIRECS;14965.0;6
959100;;SUBMISSION;INTARIAN_PEPPER_ROOT;XIRECS;14963.0;3
960000;;;ASH_COATED_OSMIUM;XIRECS;9974.0;4
960400;SUBMISSION;;INTARIAN_PEPPER_ROOT;XIRECS;14955.0;4
961100;;SUBMISSION;ASH_COATED_OSMIUM;XIRECS;9984.0;4
961200;SUBMISSION;;ASH_COATED_OSMIUM;XIRECS;9990.0;4
963700;;SUBMISSION;INTARIAN_PEPPER_ROOT;XIRECS;14968.0;7
964000;;SUBMISSION;ASH_COATED_OSMIUM;XIRECS;9989.0;3
964100;SUBMISSION;;ASH_COATED_OSMIUM;XIRECS;9990.0;3
964300;SUBMISSION;;INTARIAN_PEPPER_ROOT;XIRECS;14959.0;4
964800;SUBMISSION;;INTARIAN_PEPPER_ROOT;XIRECS;14958.0;7
965400;SUBMISSION;;INTARIAN_PEPPER_ROOT;XIRECS;14958.0;5
966000;SUBMISSION;;INTARIAN_PEPPER_ROOT;XIRECS;14959.0;1
966600;;SUBMISSION;ASH_COATED_OSMIUM;XIRECS;9985.0;8
966700;SUBMISSION;;ASH_COATED_OSMIUM;XIRECS;9991.0;8
967900;;SUBMISSION;INTARIAN_PEPPER_ROOT;XIRECS;14972.0;3
968300;;SUBMISSION;INTARIAN_PEPPER_ROOT;XIRECS;14972.0;8
970000;SUBMISSION;;INTARIAN_PEPPER_ROOT;XIRECS;14965.0;8
970700;;SUBMISSION;INTARIAN_PEPPER_ROOT;XIRECS;14975.0;4
970900;;SUBMISSION;ASH_COATED_OSMIUM;XIRECS;9991.0;5
972700;;SUBMISSION;INTARIAN_PEPPER_ROOT;XIRECS;14977.0;8
973700;;SUBMISSION;INTARIAN_PEPPER_ROOT;XIRECS;14981.0;5
973800;;SUBMISSION;ASH_COATED_OSMIUM;XIRECS;9987.0;4
974300;SUBMISSION;;INTARIAN_PEPPER_ROOT;XIRECS;14969.0;5
974400;SUBMISSION;;INTARIAN_PEPPER_ROOT;XIRECS;14967.0;7
974600;;SUBMISSION;ASH_COATED_OSMIUM;XIRECS;9993.0;4
975100;SUBMISSION;;ASH_COATED_OSMIUM;XIRECS;9980.0;2
975500;;SUBMISSION;ASH_COATED_OSMIUM;XIRECS;9994.0;3
976300;;SUBMISSION;INTARIAN_PEPPER_ROOT;XIRECS;14983.0;5
976500;SUBMISSION;;ASH_COATED_OSMIUM;XIRECS;9979.0;6
976700;SUBMISSION;;ASH_COATED_OSMIUM;XIRECS;9987.0;4
976700;;SUBMISSION;INTARIAN_PEPPER_ROOT;XIRECS;14984.0;3
977200;SUBMISSION;;INTARIAN_PEPPER_ROOT;XIRECS;14972.0;5
977300;SUBMISSION;;ASH_COATED_OSMIUM;XIRECS;9984.0;4
977500;;SUBMISSION;ASH_COATED_OSMIUM;XIRECS;9988.0;10
978200;SUBMISSION;;ASH_COATED_OSMIUM;XIRECS;9979.0;3
978200;;SUBMISSION;INTARIAN_PEPPER_ROOT;XIRECS;14985.0;6
978400;;SUBMISSION;INTARIAN_PEPPER_ROOT;XIRECS;14982.0;8
978500;SUBMISSION;;INTARIAN_PEPPER_ROOT;XIRECS;14986.0;10
978600;;SUBMISSION;INTARIAN_PEPPER_ROOT;XIRECS;14983.0;4
980800;;SUBMISSION;ASH_COATED_OSMIUM;XIRECS;9997.0;5
981200;SUBMISSION;;INTARIAN_PEPPER_ROOT;XIRECS;14976.0;3
982800;SUBMISSION;;INTARIAN_PEPPER_ROOT;XIRECS;14976.0;6
984100;;SUBMISSION;ASH_COATED_OSMIUM;XIRECS;10000.0;4
984500;SUBMISSION;;ASH_COATED_OSMIUM;XIRECS;9991.0;8
985000;SUBMISSION;;INTARIAN_PEPPER_ROOT;XIRECS;14980.0;4
985300;SUBMISSION;;ASH_COATED_OSMIUM;XIRECS;9988.0;3
985400;SUBMISSION;;ASH_COATED_OSMIUM;XIRECS;9996.0;2
985700;;SUBMISSION;ASH_COATED_OSMIUM;XIRECS;9996.0;5
986100;SUBMISSION;;INTARIAN_PEPPER_ROOT;XIRECS;14981.0;6
986200;;SUBMISSION;ASH_COATED_OSMIUM;XIRECS;10002.0;3
986800;SUBMISSION;;ASH_COATED_OSMIUM;XIRECS;9988.0;6
987100;;SUBMISSION;ASH_COATED_OSMIUM;XIRECS;10003.0;6
987400;;;INTARIAN_PEPPER_ROOT;XIRECS;14979.0;3
988300;;SUBMISSION;INTARIAN_PEPPER_ROOT;XIRECS;14992.0;5
988700;SUBMISSION;;ASH_COATED_OSMIUM;XIRECS;9995.0;8
988900;SUBMISSION;;ASH_COATED_OSMIUM;XIRECS;9990.0;2
989700;SUBMISSION;;INTARIAN_PEPPER_ROOT;XIRECS;14983.0;4
990100;SUBMISSION;;ASH_COATED_OSMIUM;XIRECS;9997.0;1
990900;SUBMISSION;;INTARIAN_PEPPER_ROOT;XIRECS;14984.0;1
991400;;;ASH_COATED_OSMIUM;XIRECS;9989.0;9
993300;;;ASH_COATED_OSMIUM;XIRECS;9991.0;5
994200;;;INTARIAN_PEPPER_ROOT;XIRECS;14986.0;3
995100;;SUBMISSION;INTARIAN_PEPPER_ROOT;XIRECS;14999.0;7
995200;;SUBMISSION;ASH_COATED_OSMIUM;XIRECS;10005.0;6
995300;SUBMISSION;;ASH_COATED_OSMIUM;XIRECS;9995.0;5
996300;SUBMISSION;;INTARIAN_PEPPER_ROOT;XIRECS;14991.0;3
996500;SUBMISSION;;INTARIAN_PEPPER_ROOT;XIRECS;14992.0;3
996800;SUBMISSION;;ASH_COATED_OSMIUM;XIRECS;9990.0;1
